date,open,high,low,close,adjclose,changed,changep,volume
2013-07-22,169.41,169.74,169.01,169.5,152.8319,0.298,0.002,79307249
2013-07-29,168.68,169.06,168.11,168.59,152.0114,-0.469,-0.0031,79712464
2013-08-05,170.57,170.96,170.35,170.7,153.9139,-0.225,-0.0015,53868607
2013-08-09,169.58,170.1,168.72,169.31,152.6606,-0.442,-0.0029,91824151
2013-08-15,167.41,167.43,166.09,166.38,150.0187,-2.128,-0.013999999999999999,152647543
2013-08-19,165.64,166.21,164.76,164.77,148.5671,-0.956,-0.0064,96330805
2013-08-26,166.79,167.3,165.89,166,149.6761,-0.559,-0.0037,89492894
2013-09-06,166.51,166.98,164.48,166.04,149.7122,0.072,5e-4,159700226
2013-09-10,168.64,168.9,168.26,168.87,152.2639,1.114,0.0074,105300853
2013-09-19,173.52,173.6,172.585,172.76,155.7713,-0.262,-0.0017000000000000001,146510429
2013-09-30,167.48,168.54,167.15,168.01,152.2267,-0.815,-0.0053,143620138
2013-10-02,168.35,169.3422,167.83,169.18,153.2868,-0.145,-9e-4,112859880
2013-10-03,168.79,168.94,166.84,167.62,151.8734,-1.413,-0.0092,176563533
2013-10-08,167.4,167.62,165.36,165.48,149.9344,-1.767,-0.0116,178558678
2013-10-09,165.8,166.2,164.53,165.6,150.0431,0.109,7.000000000000001e-4,168271554
2013-10-11,168.91,170.32,168.77,170.26,154.2654,0.988,0.0064,104967037
2013-10-16,170.72,172.16,170.635,172.07,155.9053,2.147,0.013999999999999999,161058684
2013-10-21,174.45,174.75,174.01,174.4,158.0165,0.011,1e-4,104054017
2013-10-28,175.89,176.47,175.7,176.23,159.6745,0.254,0.0016,84672528
2013-10-29,176.63,177.24,176.38,177.17,160.5262,0.852,0.0053,87248072
2013-11-01,176.02,176.61,175.22,176.21,159.6564,0.381,0.0024,142775416
2013-11-04,176.69,176.9,175.9825,176.83,160.2182,0.562,0.0034999999999999996,85486867
2013-11-11,177.12,177.53,176.91,177.32,160.6621,0.027,2e-4,66300304
2013-11-21,178.97,180.05,178.86,179.91,163.0088,1.305,0.008100000000000001,92841271
2013-11-25,181.13,181.17,180.37,180.63,163.6612,-0.163,-0.001,79485709
2013-12-03,179.94,180.39,179.17,179.75,162.8639,-0.707,-0.0043,116563302
2013-12-06,180.67,181.11,180.15,180.94,163.9421,1.812,0.011200000000000002,127727518
2013-12-09,181.47,181.67,181.16,181.4,164.3589,0.417,0.0025,70123608
2013-12-12,178.64,178.86,177.76,178.13,161.3961,-0.535,-0.0033,115564840
2013-12-13,178.5,178.66,177.77,178.11,161.3779,-0.018,-1e-4,107807610
2013-12-16,178.95,179.81,178.9,179.216,162.38,1.002,0.0062,96194790
2013-12-18,178.92,181.73,177.32,181.7,164.6307,2.763,0.0171,234906482
2013-12-23,182.41,182.64,182.065,182.53,166.2808,0.884,0.0053,85597541
2013-12-26,183.34,183.96,183.32,183.855,167.4878,0.843,0.0051,63365227
2013-12-27,184.1,184.18,183.66,183.845,167.4787,-0.009,-1e-4,61813841
2013-12-31,184.07,184.69,183.93,184.69,168.2485,0.793,0.004699999999999999,86247638
2014-01-03,183.21,183.6,182.63,182.885,166.6042,-0.032,-2e-4,81390502
2014-01-07,183.09,183.79,182.95,183.48,167.1462,1.02,0.0060999999999999995,86144169
2014-01-09,184.1,184.13,182.795,183.64,167.292,0.109,7.000000000000001e-4,90683302
2014-01-13,183.71,184.18,181.34,181.685,165.511,-2.236,-0.013300000000000001,149891938
2014-01-14,182.28,183.77,181.95,183.67,167.3193,1.808,0.0109,105016055
2014-01-16,184.28,184.6618,183.83,184.42,168.0025,-0.219,-0.0013,72290520
2014-01-17,184.1,184.45,183.32,183.635,167.2874,-0.715,-0.0043,107848616
2014-01-22,184.49,184.57,183.91,184.3,167.8932,0.109,7.000000000000001e-4,61270816
2014-01-24,181.6,181.66,178.83,178.89,162.9648,-3.553,-0.0213,208677093
2014-01-27,179.06,179.52,177.12,178.01,162.1632,-0.802,-0.0049,180843004
2014-01-30,178.86,179.81,178.26,179.23,163.2746,1.713,0.0106,118938051
2014-02-04,174.95,175.84,174.1055,175.385,159.7719,1.107,0.006999999999999999,165012351
2014-02-07,178.31,179.87,177.73,179.68,163.6845,2.004,0.0124,170787197
2014-02-10,179.7,180.07,179.21,180.01,163.9851,0.301,0.0018,92218729
2014-02-13,180.84,183.2,180.83,183.01,166.7181,0.856,0.0052,100542155
2014-02-19,183.76,184.95,182.87,183.02,166.7272,-1.111,-0.0066,126524261
2014-02-21,184.49,184.89,183.8,183.89,167.5197,-0.191,-0.0011,118116359
2014-03-03,184.69,185.45,183.75,184.98,168.5127,-1.193,-0.006999999999999999,167448668
2014-03-04,186.75,187.98,186.75,187.58,170.8812,2.369,0.0141,167545852
2014-03-05,187.72,188.07,187.45,187.75,171.0361,0.155,9e-4,88376859
2014-03-07,188.87,188.96,187.43,188.26,171.5007,0.073,4e-4,114513432
2014-03-11,188.44,188.71,186.8,187.23,170.5624,-0.847,-0.0049,99009013
2014-03-18,186.71,187.91,186.51,187.66,170.9541,1.212,0.0070999999999999995,101804519
2014-03-21,187.72,189.0239,186.03,186.2,170.3724,-0.661,-0.0039000000000000003,163127905
2014-03-24,186.82,187.07,184.62,185.43,169.6678,-0.705,-0.0040999999999999995,121411145
2014-03-27,184.77,185.34,183.9,184.58,168.8901,-0.357,-0.0021,142382757
2014-03-28,185.105,186.42,185,185.49,169.7227,0.833,0.0049,101641547
2014-03-31,186.65,187.3,185.5216,187.01,171.1135,1.391,0.008199999999999999,99744911
2014-04-07,185.9,186.26,183.96,184.34,168.6705,-1.885,-0.0111,140802699
2014-04-09,185.6,187.15,185.06,187.09,171.1867,1.821,0.0108,100253612
2014-04-10,187.09,187.17,182.93,183.155,167.5862,-3.601,-0.021,172959331
2014-04-11,182.17,183.42,181.31,181.51,166.081,-1.505,-0.009000000000000001,167250792
2014-04-15,183.32,184.33,181.51,184.2,168.5424,1.153,0.0069,157092533
2014-04-16,185.47,186.14,184.65,186.125,170.3037,1.761,0.0105,105196633
2014-04-17,185.88,186.91,185.56,186.39,170.5462,0.242,0.0014000000000000002,105254649
2014-04-21,186.44,187.1,186.21,187.04,171.1409,0.595,0.0034999999999999996,68329343
2014-04-22,187.23,188.4,187.13,187.89,171.9187,0.778,0.0045000000000000005,85790307
2014-04-25,187.21,187.33,185.87,186.29,170.4547,-1.409,-0.008199999999999999,100380205
2014-04-28,187.05,187.69,184.96,186.875,170.99,0.535,0.0031,135121094
2014-04-29,187.48,188.04,187.08,187.75,171.7906,0.801,0.004699999999999999,84097551
2014-04-30,187.44,188.5,187.18,188.31,172.303,0.512,0.003,101507717
2014-05-01,188.22,188.84,187.73,188.325,172.3167,0.014,1e-4,93019095
2014-05-06,188,188.13,186.74,186.78,170.9031,-1.501,-0.0087,85454226
2014-05-09,187.69,188.04,186.83,187.96,171.9827,0.261,0.0015,83678568
2014-05-12,188.76,189.88,187.9992,189.785,173.6526,1.67,0.0097,86940045
2014-05-13,190.03,190.42,189.77,189.96,173.8127,0.16,9e-4,66453965
2014-05-14,189.79,189.88,188.79,189.06,172.9892,-0.823,-0.004699999999999999,72366848
2014-05-15,188.67,188.72,186.48,187.4,171.4703,-1.519,-0.0088,154956399
2014-05-20,188.645,188.67,187.07,187.55,171.6076,-1.089,-0.0063,111644478
2014-05-21,188.1,189.22,188.06,189.13,173.0533,1.446,0.0084,89093285
2014-05-22,189.18,189.98,188.86,189.59,173.4742,0.421,0.0024,61549345
2014-05-23,189.75,190.48,189.5858,190.35,174.1696,0.695,0.004,60156088
2014-05-27,191.05,191.58,190.95,191.52,175.2401,1.071,0.0060999999999999995,72010355
2014-05-28,191.52,191.82,191.06,191.38,175.112,-0.128,-7.000000000000001e-4,66722865
2014-05-29,191.82,192.4,191.33,192.37,176.0179,0.906,0.0052,64376573
2014-06-02,192.95,192.99,191.97,192.895,176.4983,0.197,0.0011,64655648
2014-06-04,192.47,193.3,192.265,193.19,176.7682,0.357,0.002,55529372
2014-06-06,194.87,195.43,194.78,195.375,178.7674,0.846,0.0048,78696219
2014-06-09,195.35,196.05,195.17,195.58,178.955,0.188,0.001,65118828
2014-06-10,195.33,195.64,194.92,195.6,178.9733,0.018,1e-4,57129440
2014-06-18,194.83,196.37,194.4,196.255,179.5726,1.304,0.0073,105266767
2014-06-19,196.43,196.6,195.8,195.54,178.9184,-0.654,-0.0036,85928920
2014-06-20,196.03,196.1039,195.7,195.94,180.1473,1.229,0.0069,100587108
2014-06-24,195.53,196.5,194.48,194.7,179.0073,-1.085,-0.006,96236917
2014-06-25,194.25,195.781,194.25,195.58,179.8163,0.809,0.0045000000000000005,82781912
2014-06-26,195.61,195.63,194.13,195.44,179.6876,-0.129,-7.000000000000001e-4,84311822
2014-06-27,194.98,195.88,194.885,195.82,180.037,0.349,0.0019,71453616
2014-07-01,196.19,197.63,196.13,197.03,181.1495,1.204,0.0067,90470121
2014-07-03,197.79,198.29,197.64,198.2,182.2252,0.892,0.0049,52938832
2014-07-07,197.82,197.98,197.22,197.51,181.5908,-0.634,-0.0034999999999999996,61696447
2014-07-08,197.15,197.22,195.76,196.24,180.4231,-1.168,-0.0064,108142552
2014-07-09,196.73,197.295,196.31,197.12,181.2322,0.809,0.0045000000000000005,72992322
2014-07-10,195.22,196.86,195.06,196.34,180.5151,-0.717,-0.004,99040407
2014-07-16,198.11,198.26,197.42,197.96,182.0045,0.671,0.0037,80073242
2014-07-17,197.349,198.1,195.43,195.71,179.9359,-2.069,-0.011399999999999999,145398459
2014-07-21,197.09,197.5,196.43,197.34,181.4345,-0.34,-0.0019,67591618
2014-07-22,198.01,198.56,197.87,198.2,182.2252,0.791,0.0044,67677602
2014-07-24,198.83,199.06,198.45,198.65,182.6389,0.009,1e-4,56888093
2014-07-28,197.76,198.09,196.62,197.8,181.8574,0.074,4e-4,69258785
2014-07-29,198.17,198.45,196.92,196.95,181.0759,-0.781,-0.0043,80466351
2014-07-30,197.65,197.91,196.16,196.98,181.1035,0.028,2e-4,104222452
2014-07-31,195.61,195.78,192.97,193.09,177.527,-3.576,-0.0197,183479441
2014-08-05,193.1,193.6,191.31,192.01,176.5341,-1.728,-0.0097,152690379
2014-08-06,191.11,192.89,191.08,192.07,176.5892,0.055,3e-4,94818317
2014-08-07,192.935,193.13,190.55,191.03,175.6331,-0.956,-0.0054,135733421
2014-08-08,191.46,193.37,190.95,193.24,177.6649,2.032,0.0116,117014384
2014-08-11,193.965,194.66,193.71,193.795,178.1752,0.51,0.0029,74543691
2014-08-12,193.61,194.15,192.94,193.53,177.9316,-0.244,-0.0014000000000000002,73631640
2014-08-13,194.29,195.06,193.96,194.84,179.136,1.204,0.0068000000000000005,68926041
2014-08-14,195.16,195.76,194.98,195.76,179.9818,0.846,0.004699999999999999,57370793
2014-08-15,196.47,196.65,194.31,195.72,179.9451,-0.037,-2e-4,139950669
2014-08-18,196.8,197.45,196.69,197.36,181.4529,1.508,0.0084,75424360
2014-08-19,197.84,198.54,197.4426,198.39,182.3999,0.947,0.0052,59134709
2014-08-20,198.12,199.16,198.08,198.92,182.8871,0.487,0.0027,72762541
2014-08-21,199.09,199.76,198.93,199.5,183.4204,0.533,0.0029,67790690
2014-08-22,199.34,199.69,198.74,199.19,183.1354,-0.285,-0.0016,76107359
2014-08-25,200.14,200.5949,199.1502,200.2,184.064,0.929,0.0051,63855022
2014-08-26,200.33,200.82,200.28,200.33,184.1835,0.12,6e-4,47298324
2014-08-29,200.45,200.73,199.82,200.71,184.5329,0.524,0.0028000000000000004,65906598
2014-09-02,200.97,200.995,199.86,200.61,184.4409,-0.092,-5e-4,72425793
2014-09-04,200.84,201.58,199.66,200.2101,184.0733,-0.267,-0.0014000000000000002,85236442
2014-09-05,200.17,201.19,199.41,201.11,184.9006,0.827,0.0045000000000000005,102176784
2014-09-09,200.41,200.55,198.91,199.32,183.2549,-1.168,-0.0063,88590876
2014-09-12,200.1,200.12,198.56,199.13,183.0802,-1.076,-0.0058,117478516
2014-09-15,199.16,199.32,198.38,198.981,182.9432,-0.137,-7.000000000000001e-4,76401421
2014-09-16,198.61,200.84,198.5,200.48,184.3214,1.378,0.0075,116200722
2014-09-18,201.36,201.85,201.1,201.82,185.5534,0.984,0.0053,94990300
2014-09-22,200.35,200.38,198.73,199.15,183.9547,-1.432,-0.0077,125552758
2014-09-23,198.43,199.26,197.95,198.01,182.9017,-1.053,-0.005699999999999999,111393319
2014-09-24,198.04,199.69,197.52,199.56,184.3334,1.432,0.0078000000000000005,107275635
2014-09-25,199.04,199.05,196.27,196.34,181.3591,-2.974,-0.0161,150300028
2014-09-30,197.69,198.3,196.61,197.02,181.9872,-0.48,-0.0026,131302082
2014-10-01,196.7,196.77,193.91,194.35,179.521,-2.466,-0.013600000000000001,177797862
2014-10-02,194.18,195.055,192.35,194.38,179.5487,0.028,2e-4,157285182
2014-10-03,195.68,196.94,195.08,196.52,181.5254,1.977,0.011000000000000001,121568769
2014-10-06,197.34,197.6,195.582,196.29,181.3129,-0.212,-0.0012,104778335
2014-10-07,195.28,195.72,193.22,193.26,178.5141,-2.799,-0.0154,147913498
2014-10-08,193.37,196.92,192.36,196.64,181.6362,3.122,0.0175,186461453
2014-10-09,196.33,196.6,192.58,192.74,178.0338,-3.602,-0.019799999999999998,210704601
2014-10-10,192.69,193.65,190.49,190.54,176.0017,-2.032,-0.011399999999999999,221908954
2014-10-14,188.42,189.82,187.04,187.7,173.3784,0.268,0.0015,215846527
2014-10-15,185.16,187.694,181.92,186.43,172.2053,-1.173,-0.0068000000000000005,380714598
2014-10-16,183.06,187.58,182.89,186.27,172.0575,-0.148,-9e-4,270391488
2014-10-20,188.18,190.45,188.07,190.3,175.78,1.69,0.0097,130010813
2014-10-22,194.46,194.91,192.61,192.69,177.9876,-1.275,-0.0070999999999999995,151822409
2014-10-23,194.62,196.2,194.26,194.93,180.0567,2.069,0.0116,154944169
2014-10-24,195.25,196.49,194.49,196.43,181.4423,1.386,0.0077,117927286
2014-10-28,196.82,198.42,196.73,198.41,183.2712,2.078,0.0115,106735936
2014-10-30,197.57,199.95,197.4,199.38,184.1672,1.173,0.0064,113329976
2014-10-31,201.78,201.82,200.77,201.66,186.2732,2.106,0.011399999999999999,146902554
2014-11-03,201.92,202.45,201.305,201.77,186.3748,0.102,5e-4,93734143
2014-11-04,201.23,201.6,200.06,201.07,185.7282,-0.647,-0.0034999999999999996,93342777
2014-11-05,202.54,202.59,201.45,202.34,186.9013,1.173,0.0063,91708574
2014-11-10,203.39,204.04,203.13,203.98,188.4162,0.591,0.0031,66318964
2014-11-12,203.35,204.24,203.31,203.96,188.3977,-0.199,-0.0011,90120295
2014-11-17,203.85,204.58,203.65,204.37,188.7764,0.12,6e-4,80440954
2014-11-19,205.31,205.55,204.3,205.22,189.5616,-0.305,-0.0016,82373009
2014-11-25,207.54,207.79,206.8,207.11,191.3074,-0.139,-7.000000000000001e-4,79108301
2014-11-26,207.29,207.76,207.03,207.64,191.7969,0.49,0.0026,62167832
2014-11-28,207.49,207.87,206.91,207.2,191.3905,-0.406,-0.0021,57890088
2014-12-01,206.4,206.54,205.38,205.76,190.0604,-1.33,-0.0069,103968354
2014-12-02,205.81,207.34,205.782,207.085,191.2843,1.224,0.0064,74507192
2014-12-03,207.3,208.15,207.1,207.89,192.0279,0.744,0.0039000000000000003,68951968
2014-12-08,207.52,208.12,205.93,206.61,190.8455,-1.284,-0.0067,108588152
2014-12-10,205.91,205.98,202.93,203.1601,187.6589,-3.057,-0.016,159856394
2014-12-11,203.88,206.19,203.71,204.19,188.6102,0.951,0.0051,159012805
2014-12-12,202.64,203.819,200.85,200.89,185.562,-3.048,-0.016200000000000003,202330191
2014-12-15,201.98,202.53,198.78,199.51,184.2873,-1.275,-0.0069,189965750
2014-12-18,204.74,212.97,203.92,206.78,191.0026,4.609,0.024700000000000003,257633887
2014-12-19,206.43,207.33,205.6109,206.52,191.8153,0.813,0.0043,245084590
2014-12-23,208.17,208.23,207.3991,207.75,192.9577,0.26,0.0013,122167931
2014-12-26,208.31,208.85,208.25,208.44,193.5986,0.622,0.0032,57326703
2014-12-29,208.22,208.97,208.14,208.72,193.8586,0.26,0.0013,79643948
2014-12-30,208.21,208.37,207.51,207.6,192.8184,-1.04,-0.0054,73540761
2014-12-31,207.99,208.19,205.39,205.54,190.905,-1.913,-0.009899999999999999,130333829
2015-01-02,206.38,206.88,204.18,205.43,190.8029,-0.102,-5e-4,121465865
2015-01-06,202.09,202.72,198.855,199.82,185.5923,-1.765,-0.009399999999999999,209151408
2015-01-07,201.42,202.72,200.88,202.31,187.905,2.313,0.0125,125346709
2015-01-08,204.01,206.16,203.99,205.9,191.2394,3.334,0.0177,147217784
2015-01-09,206.4,206.42,203.51,204.25,189.7069,-1.533,-0.008,158567288
2015-01-12,204.41,204.6,201.92,202.65,188.2208,-1.486,-0.0078000000000000005,144396067
2015-01-13,204.12,205.48,200.51,202.08,187.6914,-0.529,-0.0028000000000000004,214553306
2015-01-14,199.65,201.1,198.57,200.86,186.5583,-1.133,-0.006,192991092
2015-01-15,201.63,202.01,198.88,199.0199,184.8492,-1.709,-0.0092,176613906
2015-01-16,198.77,201.82,198.55,201.63,187.2734,2.424,0.0131,211879605
2015-01-20,202.4,202.72,200.17,202.055,187.6682,0.395,0.0021,130991069
2015-01-21,201.5,203.66,200.94,203.08,188.6202,0.952,0.0051,122942707
2015-01-22,203.99,206.26,202.33,206.1,191.4252,2.805,0.0149,174356029
2015-01-23,205.79,206.1,204.81,204.97,190.3756,-1.05,-0.0055000000000000005,117516753
2015-01-26,204.71,205.56,203.85,205.45,190.8214,0.446,0.0023,92009711
2015-01-27,202.97,204.12,201.74,202.74,188.3044,-2.517,-0.0132,134044598
2015-01-28,204.17,204.29,199.91,200.14,185.8895,-2.415,-0.0128,168514312
2015-01-29,200.38,202.3,198.68,201.9902,187.608,1.718,0.0092,173585424
2015-01-30,200.57,202.17,199.13,199.45,185.2487,-2.359,-0.0126,197729724
2015-02-02,200.05,202.03,197.86,201.92,187.5428,2.294,0.0124,163106969
2015-02-03,203,204.85,202.55,204.84,190.2549,2.712,0.014499999999999999,124212881
2015-02-04,203.92,205.38,203.51,204.06,189.5304,-0.724,-0.0038,134306728
2015-02-05,204.86,206.3,204.77,206.12,191.4437,1.913,0.0101,97953181
2015-02-06,206.56,207.24,204.92,205.55,190.9143,-0.529,-0.0028000000000000004,125672026
2015-02-10,205.88,207.12,204.6801,206.81,192.0846,2.025,0.010700000000000001,96164183
2015-02-11,206.61,207.45,205.83,206.93,192.1961,0.111,6e-4,91087785
2015-02-12,207.89,208.99,206.9727,208.92,194.0444,1.848,0.0096,97545949
2015-02-13,209.07,209.84,208.76,209.78,194.8431,0.799,0.0040999999999999995,93670430
2015-02-17,209.4,210.32,209.1,210.11,195.1496,0.307,0.0016,76968199
2015-02-18,209.66,210.22,209.3401,210.13,195.1682,0.019,1e-4,80652941
2015-02-20,209.48,211.33,208.73,211.239,196.1983,1.169,0.006,140896392
2015-02-23,210.94,211.21,210.48,211.209,196.1704,-0.028,-1e-4,74411054
2015-02-24,211.12,212.05,210.76,211.81,196.7286,0.558,0.0028000000000000004,72472263
2015-02-25,211.66,212.24,211.22,211.63,196.5614,-0.167,-8e-4,73061687
2015-03-02,210.78,212.06,210.72,211.99,196.8958,1.235,0.0063,87491428
2015-03-03,211.47,212.054,210.08,211.12,196.0877,-0.808,-0.0040999999999999995,110325809
2015-03-04,210.4,210.49,209.06,210.2301,195.2612,-0.827,-0.0042,114497192
2015-03-05,210.62,210.8,209.85,210.46,195.4747,0.214,0.0011,76872957
2015-03-06,209.42,209.94,207.1,207.5,192.7255,-2.749,-0.0141,188127982
2015-03-09,207.74,208.79,207.5459,208.36,193.5243,0.799,0.0040999999999999995,89818893
2015-03-10,206.71,206.81,204.93,204.98,190.3849,-3.139,-0.016200000000000003,157121263
2015-03-11,205.29,205.5,204.4,204.5,189.9391,-0.446,-0.0023,110145718
2015-03-12,205.26,207.175,205.2,207.1,192.354,2.415,0.0127,93993523
2015-03-13,206.77,207.9338,204.58,205.8272,191.1718,-1.182,-0.0060999999999999995,162410893
2015-03-16,206.71,208.69,205.8641,208.58,193.7286,2.557,0.0134,136099192
2015-03-17,207.69,208.42,206.98,207.96,193.1527,-0.576,-0.003,94510422
2015-03-18,207.39,211.27,206.62,210.46,195.4747,2.322,0.012,228808524
2015-03-19,209.96,210.4697,209.03,209.5,194.5831,-0.892,-0.0046,117917302
2015-03-20,209.71,211.02,209.4903,210.41,196.3004,1.717,0.0088,177715081
2015-03-23,210.42,211.11,210,210,195.9179,-0.383,-0.0019,71784536
2015-03-24,209.85,210.4,208.74,208.82,194.8171,-1.101,-0.005600000000000001,77805321
2015-03-25,209.07,209.35,205.71,205.76,191.9623,-2.855,-0.0147,159521708
2015-03-26,204.96,206.37,204.12,205.27,191.5051,-0.457,-0.0024,153067241
2015-03-27,205.13,205.95,204.9,205.74,191.9436,0.438,0.0023,118938966
2015-03-30,206.98,208.61,206.96,208.25,194.2853,2.342,0.012199999999999999,96180365
2015-04-01,206.39,206.42,204.51,205.7,191.9063,-0.681,-0.0034999999999999996,137303584
2015-04-02,205.62,206.98,205.4,206.435,192.592,0.686,0.0036,86900906
2015-04-06,205.37,208.45,205.21,207.83,193.8935,1.301,0.0068000000000000005,114368155
2015-04-07,207.855,208.76,207.24,207.28,193.3803,-0.513,-0.0026,81236337
2015-04-08,207.55,208.51,207.08,207.975,194.0287,0.648,0.0034000000000000002,89351939
2015-04-09,207.78,209.18,207.19,208.9,194.8917,0.863,0.0044,85548854
2015-04-10,209.2,210.09,208.96,210.04,195.9553,1.064,0.0055000000000000005,72722915
2015-04-13,209.87,210.63,209.03,209.09,195.069,-0.886,-0.0045000000000000005,74436594
2015-04-14,208.85,209.71,208.1,209.49,195.4421,0.373,0.0019,75099866
2015-04-16,210.03,210.98,209.7928,210.37,196.2631,-0.056,-3e-4,68934864
2015-04-17,208.94,209.23,207.01,207.95,194.0054,-2.258,-0.0115,191113230
2015-04-20,209.06,210.25,208.96,209.85,195.778,1.773,0.0091,92189481
2015-04-22,210.01,210.85,208.9,210.63,196.5057,0.961,0.0049,78264616
2015-04-23,210.15,211.94,210.01,211.16,197.0002,0.494,0.0025,102585942
2015-04-24,211.66,211.97,211.11,211.6499,197.4572,0.457,0.0023,61327387
2015-04-27,212.33,212.48,210.54,210.77,196.6363,-0.821,-0.0042,79358126
2015-04-28,210.74,211.5,209.3301,211.44,197.2614,0.625,0.0032,86863531
2015-04-29,210.37,211.29,209.6,210.57,196.4497,-0.812,-0.0040999999999999995,125684903
2015-04-30,209.88,210.35,207.62,208.46,194.4812,-1.969,-0.01,161304890
2015-05-01,209.4,210.77,209.28,210.72,196.5897,2.108,0.0108,103399711
2015-05-04,211.23,212.02,211.1,211.32,197.14940000000001,0.56,0.0028000000000000004,70927235
2015-05-05,211.03,211.46,208.73,208.9,194.8917,-2.258,-0.0115,113326156
2015-05-06,209.56,209.93,206.76,208.04,194.0894,-0.802,-0.0040999999999999995,135060151
2015-05-07,207.92,209.38,207.52,208.87,194.8637,0.774,0.004,88244940
2015-05-08,210.88,211.86,210.78,211.62,197.4293,2.566,0.0132,155877260
2015-05-12,209.61,210.63,208.62,209.98,195.8993,-0.583,-0.003,119727592
2015-05-13,210.47,211.22,209.74,210.02,195.9366,0.037,2e-4,94667943
2015-05-15,212.44,212.61,211.86,212.44,198.1943,0.215,0.0011,76510099
2015-05-18,212.24,213.4,212.16,213.1,198.8101,0.616,0.0031,74549685
2015-05-20,213.15,213.78,212.504,212.88,198.6048,-0.14,-7.000000000000001e-4,76857530
2015-05-21,212.71,213.75,212.51,213.5,199.1832,0.578,0.0029,64764585
2015-05-22,213.04,213.54,212.91,212.99,198.7074,-0.476,-0.0024,57433495
2015-05-26,212.4,212.9089,210.2,210.7,196.571,-2.136,-0.0108,124308584
2015-05-27,211.25,212.98,210.7612,212.7,198.4369,1.866,0.0095,93213981
2015-05-28,212.33,212.59,211.63,212.46,198.213,-0.224,-0.0011,74974560
2015-05-29,212.38,212.43,210.82,211.14,196.9815,-1.231,-0.0062,124919611
2015-06-03,212,212.67,211.3301,211.92,197.7092,0.522,0.0026,87820909
2015-06-05,209.95,210.58,208.98,209.77,195.7034,-0.335,-0.0017000000000000001,121704676
2015-06-08,209.64,209.82,208.39,208.48,194.4999,-1.203,-0.0060999999999999995,89063330
2015-06-09,208.45,209.1,207.69,208.45,194.4719,-0.028,-1e-4,105034690
2015-06-10,209.37,211.41,209.2987,210.95,196.8042,2.332,0.012,134551285
2015-06-11,211.48,212.09,211.2,211.63,197.4386,0.634,0.0032,73876447
2015-06-12,210.64,211.482,209.68,210.01,195.9273,-1.511,-0.0077,135382369
2015-06-15,208.64,209.45,207.79,209.11,195.0876,-0.84,-0.0043,124384184
2015-06-16,208.93,210.35,208.72,210.25,196.1512,1.064,0.0055000000000000005,85308227
2015-06-18,211.31,213.34,210.6315,212.78,198.5115,2.043,0.0104,165867949
2015-06-19,211.46,211.55,210.36,210.81,197.6304,-0.881,-0.0044,130478689
2015-06-22,211.905,212.59,211.64,211.89,198.6428,1.012,0.0051,70696027
2015-06-24,211.72,212.17,210.47,210.5,197.3397,-1.444,-0.0073,92307318
2015-06-29,208.045,209.828,205.33,205.42,192.5773,-4.125,-0.021,202621332
2015-06-30,207.26,207.32,205.28,205.85,192.9804,0.403,0.0021,182925106
2015-07-01,207.73,208.03,206.56,207.5,194.5273,1.547,0.008,135979873
2015-07-07,206.96,208.17,204.11,208.02,195.0148,1.219,0.0063,173820249
2015-07-08,205.7748,206.7645,204.25,204.53,191.743,-3.272,-0.0168,164020059
2015-07-10,207.29,207.98,204.9517,207.48,194.5085,2.419,0.0126,129456890
2015-07-14,209.72,211.05,209.65,210.68,197.5085,0.853,0.0043,81709575
2015-07-15,210.73,211.28,210.04,210.61,197.4429,-0.066,-3e-4,97914141
2015-07-20,212.75,213.18,212.21,212.59,199.2991,0.103,5e-4,70446821
2015-07-21,212.43,212.74,211.39,211.75,198.5116,-0.787,-0.004,77965048
2015-07-27,206.94,207.55,206.26,206.79,193.8617,-1.134,-0.0058,132361082
2015-07-28,207.79,209.5,206.8,209.33,196.2429,2.381,0.0123,123544845
2015-07-31,211.42,211.45,210.16,210.5,197.3397,-0.3,-0.0015,103266857
2015-08-03,210.46,210.53,208.65,209.79,196.6741,-0.666,-0.0034000000000000002,113965728
2015-08-05,210.45,211.31,209.73,210.07,196.9366,0.647,0.0033,85786817
2015-08-06,210.29,210.415,207.65,208.35,195.3242,-1.612,-0.008199999999999999,116030803
2015-08-10,209.28,210.67,209.28,210.57,197.4054,2.456,0.0126,80270676
2015-08-11,208.97,209.47,207.76,208.67,195.6241,-1.781,-0.009000000000000001,126081377
2015-08-12,207.11,209.14,205.36,208.92,195.8585,0.234,0.0012,172123672
2015-08-13,208.73,209.55,208.01,208.66,195.6148,-0.244,-0.0012,89383253
2015-08-14,208.43,209.5087,208.26,209.42,196.3273,0.712,0.0036,72786528
2015-08-17,208.71,210.59,208.16,210.59,197.4241,1.097,0.005600000000000001,79072643
2015-08-18,210.26,210.68,209.699,209.98,196.8522,-0.572,-0.0029,71692678
2015-08-19,209.09,210.01,207.35,208.32,195.296,-1.556,-0.0079,172864412
2015-08-20,206.51,208.2865,203.9,203.97,191.218,-4.078,-0.0209,194327884
2015-08-21,201.73,203.9404,197.52,197.63,185.27440000000001,-5.944,-0.0311,346588469
2015-08-24,187.49,197.4772,182.4,189.55,177.6995,-7.575,-0.0409,507244333
2015-08-25,195.43,195.45,186.92,187.27,175.5621,-2.137,-0.012,369833071
2015-08-26,192.08,194.79,188.37,194.46,182.3025,6.74,0.0384,339256986
2015-08-27,197.1,199.42,195.21,199.27,186.8118,4.509,0.024700000000000003,274143906
2015-08-28,198.5,199.835,197.92,199.28,186.8212,0.009,1e-4,160414352
2015-08-31,198.2,199.125,197.01,197.67,185.3119,-1.509,-0.008100000000000001,163298816
2015-09-01,193.12,194.77,190.73,191.77,179.7807,-5.531,-0.0298,256000392
2015-09-02,194.69,195.46,192.42,195.41,183.1931,3.412,0.019,160269331
2015-09-03,196.26,198.05,194.96,195.55,183.3244,0.131,7.000000000000001e-4,152087836
2015-09-04,192.85,193.86,191.61,192.59,180.5495,-2.775,-0.0151,207080961
2015-09-08,195.94,197.61,195.17,197.43,185.08690000000001,4.537,0.025099999999999997,116025739
2015-09-14,196.95,197.01,195.43,196.01,183.7556,-0.684,-0.0037,79451983
2015-09-17,200.02,202.89,199.28,199.73,187.2431,-0.422,-0.0022,276046618
2015-09-18,195.71,198.6844,194.96,195.45,184.1836,-3.059,-0.0163,223657456
2015-09-22,193.88,194.46,192.56,193.91,182.7324,-2.403,-0.013000000000000001,153890876
2015-09-23,194.11,194.67,192.91,193.6,182.4403,-0.292,-0.0016,92790620
2015-09-24,192.15,193.45,190.56,192.9,181.7806,-0.66,-0.0036,159378840
2015-09-25,194.64,195,191.81,192.85,181.7335,-0.047,-3e-4,155054777
2015-09-28,191.78,191.91,187.64,188.01,177.1725,-4.561,-0.025099999999999997,178515871
2015-09-29,188.27,189.74,186.93,188.12,177.2761,0.104,6e-4,159045572
2015-09-30,190.37,191.825,189.44,191.63,180.5838,3.308,0.0187,163452044
2015-10-01,192.08,192.49,189.82,192.13,181.055,0.471,0.0026,131078964
2015-10-02,189.77,195.03,189.12,195,183.7596,2.705,0.0149,211003342
2015-10-05,196.46,198.74,196.33,198.47,187.0295,3.27,0.0178,126320842
2015-10-06,198.31,198.98,197,197.79,186.3887,-0.641,-0.0034000000000000002,110274530
2015-10-07,198.9,199.825,197.48,199.41,187.9153,1.527,0.008199999999999999,124307295
2015-10-08,198.95,201.55,198.59,201.21,189.6116,1.696,0.009000000000000001,153055231
2015-10-09,201.38,201.9,200.58,201.33,189.7247,0.113,6e-4,107069240
2015-10-13,200.65,202.16,200.05,200.25,188.7069,-1.197,-0.0063,88038718
2015-10-15,200.08,202.36,199.64,202.35,190.6859,2.884,0.0154,134142195
2015-10-16,202.83,203.29,201.92,203.27,191.5528,0.867,0.0045000000000000005,114580052
2015-10-19,202.5,203.37,202.13,203.37,191.6471,0.094,5e-4,76523897
2015-10-20,202.85,203.84,202.5471,203.09,191.3832,-0.264,-0.0014000000000000002,78448484
2015-10-21,203.61,203.79,201.65,201.85,190.2147,-1.169,-0.0060999999999999995,102038033
2015-10-22,202.98,205.51,201.85,205.26,193.4281,3.213,0.0169,174911723
2015-10-23,207.25,207.95,206.3,207.51,195.5484,2.12,0.011000000000000001,144442340
2015-10-26,207.3,207.37,206.56,207,195.0678,-0.481,-0.0025,69032965
2015-10-27,206.2,207,205.79,206.6,194.6909,-0.377,-0.0019,77905770
2015-10-28,207,208.98,206.21,208.95,196.9054,2.215,0.011399999999999999,135906725
2015-10-30,209.06,209.44,207.74,207.93,195.9442,-0.848,-0.0043,131076942
2015-11-02,208.32,210.62,208.17,210.39,198.2624,2.318,0.0118,86270811
2015-11-03,209.97,211.66,209.7,211,198.8373,0.575,0.0029,95246052
2015-11-05,210.43,210.98,209.09,210.15,198.0363,-0.198,-0.001,78408744
2015-11-11,208.88,208.94,207.66,207.74,195.7652,-0.773,-0.0039000000000000003,67845971
2015-11-12,206.5,207.06,204.82,204.84,193.0323,-2.733,-0.013999999999999999,121315200
2015-11-18,206.04,208.9,205.99,208.73,196.6981,3.072,0.0159,121342544
2015-11-19,208.59,209.05,208.2,208.55,196.5285,-0.17,-9e-4,88220465
2015-11-24,207.87,209.83,207.41,209.35,197.2824,0.264,0.0013,98874365
2015-11-25,209.5,209.74,209.01,209.32,197.2541,-0.028,-1e-4,51980062
2015-11-27,209.43,209.8,208.86,209.56,197.4803,0.226,0.0011,37317779
2015-11-30,209.75,209.89,208.56,208.69,196.6604,-0.82,-0.0042,112822700
2015-12-01,209.44,210.82,209.11,210.68,198.5357,1.875,0.0095,97858418
2015-12-02,210.615,211,208.23,208.529,196.5087,-2.027,-0.0102,108441259
2015-12-03,208.83,209.15,204.7511,205.61,193.758,-2.751,-0.013999999999999999,166224154
2015-12-07,209.23,209.7295,207.2,208.35,196.34,-1.197,-0.0060999999999999995,102027111
2015-12-08,206.49,208.289,205.78,206.949,195.0198,-1.32,-0.0067,103372367
2015-12-09,206.19,208.68,204.18,205.34,193.5035,-1.516,-0.0078000000000000005,162401537
2015-12-10,205.42,207.43,205.14,205.87,194.003,0.499,0.0026,116128884
2015-12-11,203.35,204.14,201.51,201.88,190.243,-3.76,-0.0194,211125329
2015-12-14,202.07,203.05,199.95,202.9008,191.2049,0.962,0.0051,182385177
2015-12-15,204.7,206.11,202.8666,205.0308,193.2121,2.007,0.0105,154069569
2015-12-16,206.365,208.39,204.8,208.03,196.0385,2.826,0.0146,197017008
2015-12-17,208.4,208.48,204.84,204.86,193.0512,-2.987,-0.0152,173092476
2015-12-18,202.77,202.93,199.83,200.0208,189.6123,-3.439,-0.0178,251393535
2015-12-21,201.41,201.88,200.09,201.67,191.1757,1.563,0.008199999999999999,99094290
2015-12-22,202.715,203.85,201.55,203.5,192.9105,1.735,0.0091,111026246
2015-12-23,204.69,206.07,204.58,206.02,195.2993,2.389,0.0124,110987228
2015-12-28,204.86,205.26,203.94,205.21,194.5315,-0.446,-0.0023,65899939
2015-12-29,206.51,207.79,206.47,207.4,196.6075,2.076,0.010700000000000001,92640672
2015-12-30,207.11,207.21,205.76,205.93,195.214,-1.394,-0.0070999999999999995,63317679
2016-01-04,200.49,201.03,198.59,201.0192,190.5588,-2.702,-0.013999999999999999,222353534
2016-01-06,198.34,200.06,197.6,198.82,188.474,-2.408,-0.0126,152112604
2016-01-07,195.33,197.44,193.59,194.05,183.9522,-4.522,-0.024,213436073
2016-01-08,195.19,195.85,191.58,191.923,181.9359,-2.016,-0.011000000000000001,209817228
2016-01-11,193.01,193.41,189.82,192.11,182.1132,0.177,0.001,187941323
2016-01-12,193.82,194.55,191.14,193.6608,183.5833,1.47,0.008100000000000001,172330490
2016-01-13,194.45,194.86,188.38,188.83,179.0038,-4.579,-0.024900000000000002,221168886
2016-01-14,189.55,193.26,187.66,191.93,181.9425,2.939,0.016399999999999998,240795609
2016-01-15,186.77,188.76,185.52,187.81,178.0369,-3.906,-0.0215,324846447
2016-01-20,185.03,187.495,181.02,185.65,175.9893,-2.285,-0.0128,286547839
2016-01-21,186.21,188.87,184.64,186.69,176.9752,0.986,0.005600000000000001,195772941
2016-01-22,189.78,190.76,188.88,190.52,180.6059,3.631,0.020499999999999997,168319598
2016-01-25,189.92,190.15,187.41,187.64,177.8758,-2.73,-0.0151,130371686
2016-01-26,188.42,190.53,188.02,190.2,180.3025,2.427,0.013600000000000001,141036757
2016-01-27,189.58,191.56,187.06,188.13,178.3403,-1.962,-0.0109,185681707
2016-01-28,189.96,190.2,187.16,189.11,179.2693,0.929,0.0052,143798780
2016-01-29,190.02,193.88,189.88,193.7208,183.6401,4.371,0.024399999999999998,210529336
2016-02-01,192.53,194.58,191.84,193.65,183.573,-0.067,-4e-4,136061564
2016-02-02,191.96,191.97,189.54,190.16,180.2646,-3.308,-0.018000000000000002,182564890
2016-02-03,191.41,191.78,187.1,191.3,181.3453,1.081,0.006,205054934
2016-02-04,190.71,192.75,189.96,191.6,181.6297,0.284,0.0016,139531794
2016-02-05,190.99,191.6696,187.2,187.95,178.1696,-3.46,-0.0191,180788308
2016-02-08,185.77,186.12,182.8,185.42,175.7713,-2.398,-0.013500000000000002,191526694
2016-02-09,183.36,186.94,183.2,185.43,175.7808,0.009,1e-4,184513136
2016-02-10,186.41,188.34,185.12,185.27,175.6291,-0.152,-9e-4,148214057
2016-02-11,182.34,184.1,181.09,182.86,173.3445,-2.285,-0.013000000000000001,219058885
2016-02-12,184.96,186.65,183.96,186.63,176.9183,3.574,0.0206,127632393
2016-02-16,188.77,189.81,187.63,189.78,179.9044,2.986,0.0169,120250668
2016-02-17,191.16,193.32,191.01,192.88,182.8431,2.939,0.0163,136009496
2016-02-18,193.2,193.27,191.72,192.09,182.0942,-0.749,-0.0040999999999999995,102342997
2016-02-19,191.17,192.18,190.45,192,182.0089,-0.085,-5e-4,114792988
2016-02-22,193.87,194.95,193.79,194.78,184.6442,2.635,0.014499999999999999,103640292
2016-02-23,194,194.32,192.18,192.32,182.3122,-2.332,-0.0126,111455289
2016-02-24,190.63,193.53,189.32,193.2,183.1464,0.834,0.0046,150812152
2016-02-26,196.57,196.68,194.9,195.0892,184.9373,-0.427,-0.0023,129833663
2016-02-29,195.11,196.23,193.33,193.56,183.4877,-1.45,-0.0078000000000000005,125918102
2016-03-01,195.01,198.21,194.4542,198.11,187.8009,4.313,0.0235,141799687
2016-03-03,198.79,199.795,198.11,199.775,189.3793,0.735,0.0039000000000000003,95172197
2016-03-07,199.34,201.07,199.25,200.59,190.1519,0.152,8e-4,100218998
2016-03-09,199.36,199.79,198.43,199.38,189.0048,0.929,0.0049,94801213
2016-03-10,199.96,201.07,197.38,199.54,189.1565,0.152,8e-4,156838697
2016-03-11,201.26,202.81,199.5179,202.76,192.209,3.052,0.0161,138243024
2016-03-14,202.16,203.04,201.77,202.5,191.9625,-0.246,-0.0013,74176589
2016-03-15,201.36,202.5307,201.05,202.17,191.6497,-0.313,-0.0016,93298821
2016-03-16,201.6,203.82,201.55,203.34,192.7588,1.109,0.0058,129303179
2016-03-17,203.24,205.23,202.77,204.63,193.9812,1.222,0.0063,134143421
2016-03-18,204.17,204.78,203.8,204.38,194.7435,0.762,0.0039000000000000003,138372404
2016-03-21,204.07,204.94,203.8,204.67,195.0198,0.276,0.0014000000000000002,72926659
2016-03-22,203.76,205.23,203.57,204.56,194.915,-0.105,-5e-4,97471939
2016-03-23,204.11,204.33,203.01,203.2092,193.6279,-1.287,-0.0066,81052455
2016-03-28,203.61,203.86,202.705,203.24,193.6573,0.114,6e-4,62408185
2016-03-30,206.3,206.87,205.59,206.02,196.3062,0.857,0.0044,86365310
2016-04-01,204.35,207.14,203.98,206.92,197.1637,1.334,0.0068000000000000005,114423478
2016-04-04,206.83,207.07,205.89,206.25,196.5253,-0.638,-0.0032,63496969
2016-04-05,204.67,206.2642,203.89,204.1892,194.5617,-1.964,-0.01,99662158
2016-04-07,205.14,205.56,203.09,203.95,194.3338,-2.354,-0.012,113859037
2016-04-08,205.34,205.85,203.87,204.4992,194.8571,0.523,0.0027,95040598
2016-04-11,205.25,206.07,203.91,204.0201,194.4006,-0.457,-0.0023,83757486
2016-04-12,204.22,206.25,203.7,205.92,196.2109,1.81,0.009300000000000001,115350567
2016-04-13,207,208.1,206.84,208.0008,198.1936,1.983,0.0101,96336433
2016-04-18,207.14,209.28,207,209.2392,199.3736,1.39,0.006999999999999999,82530960
2016-04-19,209.74,210.2,208.94,209.9,200.0032,0.63,0.0032,88316060
2016-04-20,209.95,210.92,209.39,210.1,200.1938,0.191,0.001,81100314
2016-04-21,210.12,210.25,208.65,208.97,199.1171,-1.077,-0.0054,85695041
2016-04-25,208.26,208.66,207.54,208.61,198.7741,-0.343,-0.0017000000000000001,66166494
2016-04-26,209.04,209.52,208.36,208.9192,199.0687,0.295,0.0015,75864174
2016-04-27,208.47,209.81,208.05,209.35,199.4792,0.41,0.0021,77329437
2016-04-28,208.46,209.76,206.96,207.4475,197.6664,-1.813,-0.0091,97216169
2016-04-29,206.72,207.13,205.03,206.3308,196.6023,-1.064,-0.0054,142424137
2016-05-02,206.92,208.18,206.41,207.97,198.1642,1.562,0.0079,62188015
2016-05-03,206.52,206.8,205.28,206.1592,196.4388,-1.725,-0.0087,106422142
2016-05-04,204.99,205.85,204.42,205.01,195.3438,-1.095,-0.005600000000000001,92243810
2016-05-05,205.56,205.98,204.47,204.97,195.3057,-0.038,-2e-4,67619222
2016-05-06,204.06,205.77,203.88,205.72,196.0203,0.715,0.0037,89315004
2016-05-09,205.57,206.4,205.36,205.8892,196.1815,0.161,8e-4,74374922
2016-05-10,206.72,208.5,206.64,208.45,198.6216,2.44,0.0124,77472207
2016-05-11,207.91,208.54,206.5,206.5,196.7635,-1.858,-0.009399999999999999,81726989
2016-05-12,207.29,207.4899,205.37,206.56,196.8207,0.057,3e-4,89586308
2016-05-13,206.21,206.86,204.38,204.76,195.1056,-1.715,-0.0087,96474630
2016-05-16,204.96,207.34,204.89,206.78,197.0303,1.925,0.009899999999999999,77486827
2016-05-17,206.46,206.8,204.23,204.8508,195.1921,-1.838,-0.009300000000000001,114924940
2016-05-18,204.44,206.3,203.63,204.91,195.2485,0.056,3e-4,123493379
2016-05-20,204.92,206.1,204.86,205.49,195.8012,1.229,0.0063,104990408
2016-05-23,205.51,205.84,204.985,205.21,195.5344,-0.267,-0.0014000000000000002,58682576
2016-05-24,206.17,208.24,206.14,207.87,198.069,2.535,0.013000000000000001,93537808
2016-05-25,208.67,209.77,207.8691,209.28,199.4125,1.344,0.0068000000000000005,79221525
2016-05-26,209.44,209.71,208.97,209.34,199.4696,0.057,3e-4,55280699
2016-05-27,209.53,210.25,209.47,210.24,200.3272,0.858,0.0043,64211214
2016-05-31,210.56,210.69,209.18,209.84,199.9461,-0.381,-0.0019,109879380
2016-06-01,209.12,210.48,208.89,210.27,200.3558,0.41,0.002,69936215
2016-06-02,209.8,210.93,209.2399,210.91,200.9656,0.61,0.003,63044749
2016-06-03,210.25,210.69,208.86,210.28,200.3653,-0.6,-0.003,101757126
2016-06-06,210.7,211.77,210.51,211.35,201.3849,1.02,0.0051,64887045
2016-06-07,211.525,212.34,211.5,211.68,201.6993,0.314,0.0016,60974761
2016-06-08,211.84,212.52,211.6899,212.37,202.3568,0.657,0.0033,66170920
2016-06-09,211.51,212.22,211.19,212.08,202.0804,-0.276,-0.0014000000000000002,73786869
2016-06-10,210.46,210.86,209.43,210.07,200.1652,-1.915,-0.0095,113829158
2016-06-13,209.36,210.37,208.35,208.4492,198.6208,-1.544,-0.0077,117751153
2016-06-14,208,208.74,206.9199,208.04,198.2309,-0.39,-0.002,125059286
2016-06-16,206.73,208.57,205.59,208.37,198.544,0.589,0.003,149533065
2016-06-17,207.17,207.2,205.75,206.52,197.8064,-0.738,-0.0037,117055748
2016-06-20,208.82,209.61,207.75,207.85,199.0803,1.274,0.0064,82789603
2016-06-21,208.3,208.92,207.78,208.44,199.6454,0.565,0.0028000000000000004,72461663
2016-06-22,208.65,209.5,207.93,208.1,199.3198,-0.326,-0.0016,95560471
2016-06-23,209.81,210.87,209.27,210.81,201.9154,2.596,0.013000000000000001,102731356
2016-06-24,203.63,210.8463,202.72,203.13,194.5595,-7.356,-0.0364,333444397
2016-06-27,201.59,201.6,198.65,199.6,191.1784,-3.381,-0.0174,248988660
2016-06-28,201.48,203.23,201.12,203.1997,194.6262,3.448,0.018000000000000002,159382399
2016-06-29,204.84,206.93,204.72,206.66,197.9405,3.314,0.017,137328614
2016-06-30,207.21,209.54,206.56,209.475,200.6368,2.696,0.013600000000000001,165021948
2016-07-01,209.36,210.49,209.29,209.9208,201.0638,0.427,0.0021,106055333
2016-07-05,208.95,209.08,207.71,208.41,199.6167,-1.447,-0.0072,109803713
2016-07-06,207.83,209.8,207.06,209.66,200.814,1.197,0.006,96021491
2016-07-07,209.87,210.6495,208.63,209.526,200.6856,-0.128,-6e-4,85593827
2016-07-08,211.05,212.94,210.7785,212.65,203.6778,2.992,0.0149,133970972
2016-07-11,213.19,214.07,212.95,213.4,204.3962,0.718,0.0034999999999999996,73633937
2016-07-12,214.53,215.3,213.4308,214.95,205.8808,1.485,0.0073,101275629
2016-07-14,216.4,216.67,215.66,216.12,207.0014,1.149,0.005600000000000001,91230870
2016-07-15,216.78,217.0125,215.308,215.83,206.7236,-0.278,-0.0013,107155401
2016-07-18,215.97,216.6,215.67,216.4092,207.2784,0.555,0.0027,58725918
2016-07-19,215.92,216.23,215.63,216.19,207.0684,-0.21,-0.001,54345728
2016-07-20,216.75,217.37,216.24,217.085,207.9257,0.857,0.0040999999999999995,58159457
2016-07-21,216.96,217.22,215.75,216.265,207.1403,-0.785,-0.0038,67777310
2016-07-22,216.41,217.3,216.1,217.24,208.0741,0.934,0.0045000000000000005,62787477
2016-07-25,217,217.06,215.97,216.65,207.509,-0.565,-0.0027,55873147
2016-07-26,216.53,217.17,215.76,216.75,207.6048,0.096,5e-4,70080493
2016-07-27,217.19,217.27,215.62,216.52,207.3845,-0.22,-0.0011,84083893
2016-07-28,216.29,217.11,215.75,216.77,207.624,0.239,0.0012,65035718
2016-07-29,216.46,217.54,216.13,217.12,207.9592,0.335,0.0016,79519436
2016-08-01,217.19,217.65,216.405,216.94,207.7868,-0.172,-8e-4,73311422
2016-08-02,216.65,216.83,214.57,215.5492,206.4547,-1.332,-0.0064,92295506
2016-08-03,215.48,216.245,215.13,216.18,207.0589,0.604,0.0029,53993626
2016-08-04,216.31,216.78,214.25,216.4097,207.2789,0.22,0.0011,46585528
2016-08-05,217.21,218.23,217.07,218.18,208.9745,1.696,0.008199999999999999,71892161
2016-08-08,218.4,218.52,217.74,218.05,208.85,-0.125,-6e-4,39906479
2016-08-09,218.13,218.76,217.8,218.18,208.9745,0.125,6e-4,51251728
2016-08-10,218.31,218.4038,217.23,217.64,208.4573,-0.517,-0.0025,57941092
2016-08-11,218.26,218.94,217.95,218.65,209.4247,0.967,0.0046,72504270
2016-08-12,218.29,218.71,217.99,218.46,209.2427,-0.182,-9e-4,61313544
2016-08-15,218.89,219.5,218.88,219.09,209.8461,0.603,0.0029,49813482
2016-08-16,218.6,218.68,217.96,217.96,208.7638,-1.082,-0.0052,53213621
2016-08-17,218,218.53,217.02,218.37,209.1565,0.393,0.0019,75134339
2016-08-18,218.34,218.9,218.21,218.86,209.6258,0.469,0.0022,52989266
2016-08-19,218.31,218.75,217.74,218.54,209.3193,-0.306,-0.0015,75443004
2016-08-24,218.8,218.91,217.36,217.85,208.6584,-1.073,-0.0051,71728949
2016-08-26,217.92,219.12,216.25,217.29,208.122,-0.393,-0.0019,122506348
2016-08-29,217.44,218.665,217.4,218.3608,209.1477,1.026,0.0049,70502167
2016-08-30,218.26,218.59,217.35,218,208.8021,-0.346,-0.0017000000000000001,58114543
2016-08-31,217.61,217.75,216.465,217.38,208.2082,-0.594,-0.0028000000000000004,85269453
2016-09-02,218.39,218.87,217.7,218.37,209.1565,0.939,0.0045000000000000005,79293856
2016-09-06,218.7,219.12,217.86,219.0308,209.7894,0.633,0.003,56702089
2016-09-07,218.84,219.22,218.3,219.01,209.7695,-0.02,-1e-4,76554855
2016-09-08,218.62,218.94,218.15,218.51,209.2906,-0.479,-0.0023,74102880
2016-09-09,216.97,217.03,213.25,213.28,204.2812,-5.009,-0.0239,221589073
2016-09-12,212.39,216.81,212.31,216.34,207.2121,2.931,0.0143,168110913
2016-09-13,214.84,215.1499,212.5,213.23,204.2333,-2.979,-0.0144,182828839
2016-09-15,212.96,215.73,212.75,215.28,206.1968,2.04,0.01,145736123
2016-09-16,213.48,213.69,212.57,213.37,205.3998,-0.797,-0.0039000000000000003,155236354
2016-09-19,214.13,214.88,213.03,213.41,205.4383,0.039,2e-4,80250490
2016-09-21,214.24,216.03,213.44,215.82,207.7583,2.31,0.011200000000000002,110284425
2016-09-22,217,217.53,216.71,217.18,209.0675,1.309,0.0063,76678713
2016-09-23,216.72,216.88,215.88,215.99,207.9219,-1.146,-0.0055000000000000005,73630921
2016-09-26,215.02,215.23,214.01,214.24,206.2373,-1.685,-0.008100000000000001,89827305
2016-09-27,214.05,215.68,213.62,215.57,207.5176,1.28,0.0062,78494829
2016-09-28,215.83,216.82,214.71,216.64,208.5476,1.03,0.005,87411015
2016-09-29,216.4,216.87,214.04,214.68,206.6608,-1.887,-0.009000000000000001,128070615
2016-09-30,215.65,217.12,215.36,216.3,208.2203,1.559,0.0075,117202914
2016-10-03,215.82,216.04,215.04,215.78,207.7197,-0.501,-0.0024,83512057
2016-10-04,215.91,216.17,213.99,214.68,206.6608,-1.059,-0.0051,119948052
2016-10-05,215.41,216.13,215.33,215.63,207.5754,0.915,0.0044,72815963
2016-10-06,215.37,216.04,214.735,215.78,207.7197,0.144,7.000000000000001e-4,62927376
2016-10-07,216.1,216.3,214.19,215.04,207.0074,-0.712,-0.0034000000000000002,89788255
2016-10-10,216.155,216.7,215.985,216.16,208.0856,1.078,0.0052,51855023
2016-10-11,215.66,215.74,212.58,213.43,205.4575,-2.628,-0.0126,130367373
2016-10-12,213.59,214.32,213.01,213.71,205.7271,0.27,0.0013,73866117
2016-10-13,212.16,213.59,211.21,213.01,205.0532,-0.674,-0.0033,101356960
2016-10-14,214.15,214.69,213.03,213.12,205.1591,0.106,5e-4,93346237
2016-10-17,213.09,213.39,212.17,212.38,204.4468,-0.712,-0.0034999999999999996,58275674
2016-10-18,214.24,214.31,213.27,213.71,205.7271,1.28,0.0063,76869656
2016-10-19,214.02,214.64,213.6,214.28,206.2758,0.549,0.0027,66519224
2016-10-20,213.87,214.53,213.11,213.88,205.8907,-0.385,-0.0019,73639830
2016-10-21,212.96,214.08,212.76,213.98,205.987,0.096,5e-4,89089092
2016-10-24,215,215.32,214.48,214.89,206.863,0.876,0.0043,60146592
2016-10-25,214.68,214.98,213.98,214.17,206.1699,-0.693,-0.0034000000000000002,66542329
2016-10-27,214.58,214.62,213.08,213.17,205.2072,-0.549,-0.0027,77220213
2016-10-28,213.14,213.93,211.71,212.54,204.6008,-0.606,-0.003,140623183
2016-11-01,212.93,212.99,209.6,211.01,203.1279,-1.482,-0.0072,122781818
2016-11-02,210.65,211.1,209.23,209.74,201.9054,-1.223,-0.006,103330806
2016-11-03,209.99,210.24,208.46,208.78,200.9812,-0.924,-0.0046,88939346
2016-11-04,208.91,209.89,208.38,208.55,200.7598,-0.221,-0.0011,109122059
2016-11-07,211.45,213.19,211.3,213.15,205.188,4.428,0.022099999999999998,109794861
2016-11-08,212.69,214.77,212.38,214.11,206.1121,0.924,0.0045000000000000005,106772138
2016-11-09,212.37,217.1,212.34,216.3792,208.2966,2.184,0.0106,258428972
2016-11-10,217.3,218.31,215.22,216.92,208.8172,0.521,0.0025,172113313
2016-11-11,216.08,216.7,215.32,216.42,208.3358,-0.481,-0.0023,100552732
2016-11-14,217.03,217.27,215.72,216.59,208.4995,0.164,8e-4,94579982
2016-11-15,217.04,218.28,216.8,218.28,210.1264,1.627,0.0078000000000000005,91652580
2016-11-16,217.56,218.14,217.42,217.87,209.7317,-0.395,-0.0019,65617697
2016-11-17,218.05,219.06,217.92,218.99,210.8098,1.078,0.0051,69797191
2016-11-18,219.07,219.27,218.29,218.5,210.3381,-0.472,-0.0022,86265751
2016-11-21,219.17,220.18,219,220.15,211.9265,1.588,0.0076,72402638
2016-11-22,220.51,220.79,219.73,220.58,212.3404,0.414,0.002,67428957
2016-11-23,219.98,220.76,219.75,220.7,212.456,0.116,5e-4,56620237
2016-11-25,221.1,221.56,221.01,221.52,213.2453,0.789,0.0037,37872255
2016-11-28,221.16,221.48,220.36,220.48,212.2442,-1.001,-0.004699999999999999,76572511
2016-11-29,220.52,221.44,220.17,220.91,212.6581,0.414,0.002,69886690
2016-11-30,221.63,221.82,220.31,220.38,212.1479,-0.51,-0.0024,113291793
2016-12-01,220.73,220.73,219.15,219.57,211.3682,-0.78,-0.0037,79040487
2016-12-05,220.65,221.4,220.42,221,212.7448,1.271,0.006,67837821
2016-12-06,221.22,221.7441,220.662,221.7,213.4186,0.674,0.0032,59877377
2016-12-07,221.52,224.67,221.38,224.6,216.2103,2.792,0.0131,110738050
2016-12-08,224.57,225.7,224.26,225.15,216.7397,0.529,0.0024,99714387
2016-12-09,225.41,226.53,225.37,226.51,218.0489,1.309,0.006,88005766
2016-12-12,226.4,226.96,225.76,226.25,217.7987,-0.25,-0.0011,101906238
2016-12-13,227.02,228.34,227,227.76,219.2522,1.454,0.0067,110477485
2016-12-14,227.41,228.23,225.365,225.88,217.4425,-1.81,-0.0083,142501812
2016-12-15,226.16,227.81,225.8904,226.81,218.3377,0.895,0.0040999999999999995,124972554
2016-12-16,226.01,226.08,224.67,225.04,217.9106,-0.427,-0.002,156420152
2016-12-19,225.25,226.02,225.08,225.53,218.3851,0.474,0.0022,90341147
2016-12-20,226.15,226.57,225.88,226.4,219.2275,0.842,0.0039000000000000003,89838810
2016-12-21,226.25,226.45,225.77,225.77,218.6175,-0.61,-0.0028000000000000004,67909039
2016-12-22,225.6,225.74,224.92,225.38,218.2398,-0.378,-0.0017000000000000001,56219071
2016-12-23,225.43,225.72,225.21,225.71,218.5594,0.32,0.0015,36697822
2016-12-27,226.02,226.73,226,226.27,219.1016,0.542,0.0025,42672487
2016-12-28,226.57,226.59,224.27,224.4,217.2909,-1.811,-0.0083,64095014
2016-12-29,224.48,224.89,223.84,224.35,217.2424,-0.048,-2e-4,48696080
2016-12-30,224.73,224.83,222.73,223.53,216.4484,-0.794,-0.0037,108998328
2017-01-03,225.04,225.83,223.8837,225.24,218.1043,1.656,0.0076,91366522
2017-01-04,225.62,226.75,225.61,226.58,219.4018,1.298,0.0059,78744433
2017-01-05,226.27,226.58,225.48,226.4,219.2275,-0.174,-8e-4,78379012
2017-01-06,226.53,227.75,225.9,227.21,220.0118,0.784,0.0036,71559922
2017-01-09,226.91,227.0701,226.4163,226.46,219.2856,-0.726,-0.0033,46939676
2017-01-11,226.36,227.1,225.59,227.1,219.9053,0.62,0.0028000000000000004,74650016
2017-01-12,226.5,226.75,224.955,226.53,219.3534,-0.552,-0.0025,72113181
2017-01-17,226.31,226.78,225.8,226.25,219.0823,-0.775,-0.0034999999999999996,61240814
2017-01-18,226.535,226.8,225.9,226.75,219.5664,0.484,0.0022,54793302
2017-01-19,226.84,227,225.41,225.91,218.753,-0.813,-0.0037,66608787
2017-01-20,226.7,227.31,225.9719,226.74,219.5567,0.804,0.0037,129168623
2017-01-23,226.35,226.805,225.27,226.15,218.9854,-0.571,-0.0026,75061645
2017-01-24,226.4,228.08,226.27,227.6,220.3895,1.404,0.0064,95555295
2017-01-25,228.7,229.57,228.51,229.57,222.2971,1.908,0.0087,84437712
2017-01-26,229.4,229.71,229.01,229.33,222.0647,-0.232,-0.001,59970719
2017-01-27,229.42,229.59,228.76,228.97,221.7161,-0.349,-0.0016,59695224
2017-01-30,228.17,228.2,226.41,227.55,220.3411,-1.375,-0.0062,79737252
2017-02-01,228.255,228.59,226.94,227.62,220.4089,0.087,4e-4,79117651
2017-02-02,227.2,228.1,226.82,227.77,220.5541,0.145,7.000000000000001e-4,69657560
2017-02-03,228.82,229.55,228.46,229.34,222.0744,1.52,0.0069,80563168
2017-02-06,228.87,229.326,228.54,228.93,221.6773,-0.397,-0.0018,57790108
2017-02-08,228.61,229.39,228.31,229.24,221.9775,0.29,0.0013,51566218
2017-02-09,229.56,230.95,229.52,230.6,223.2944,1.317,0.0059,65955245
2017-02-10,231,231.77,230.6216,231.51,224.1756,0.881,0.0039000000000000003,66015892
2017-02-13,232.08,233.07,232.05,232.77,225.3957,1.22,0.0054,55182050
2017-02-14,232.56,233.71,232.16,233.7,226.2962,0.901,0.004,71108983
2017-02-15,233.45,235.14,233.39,234.92,227.4776,1.181,0.0052,86785826
2017-02-16,234.96,235.155,233.85,234.72,227.2839,-0.194,-9e-4,84722437
2017-02-17,233.95,235.09,233.93,235.09,227.6422,0.358,0.0016,77204104
2017-02-21,235.52,236.69,235.51,236.49,228.9978,1.356,0.006,88946051
2017-02-22,236.02,236.54,235.83,236.28,228.7945,-0.203,-9e-4,62115185
2017-02-23,236.88,236.9,235.56,236.44,228.9494,0.155,7.000000000000001e-4,74615902
2017-02-24,235.46,236.7932,235.41,236.74,229.2399,0.29,0.0013,82381612
2017-02-27,236.64,237.31,236.35,237.11,229.5982,0.358,0.0016,56515440
2017-02-28,236.67,236.95,236.015,236.47,228.9785,-0.62,-0.0027,96961938
2017-03-01,238.39,240.32,238.37,239.78,232.1836,3.205,0.013999999999999999,149158170
2017-03-02,239.56,239.57,238.21,238.27,230.7215,-1.462,-0.0063,70245978
2017-03-03,238.17,238.61,237.73,238.42,230.8667,0.145,6e-4,81974300
2017-03-06,237.5,238.12,237.01,237.71,230.1792,-0.688,-0.003,55391533
2017-03-08,237.34,237.64,236.4,236.56,229.0656,-0.426,-0.0019,78168795
2017-03-10,237.97,238.02,236.59,237.69,230.1598,0.804,0.0034999999999999996,81991652
2017-03-13,237.62,237.86,237.24,237.81,230.276,0.116,5e-4,57256824
2017-03-14,237.18,237.24,236.19,236.9,229.3949,-0.881,-0.0038,59880778
2017-03-15,237.56,239.44,237.29,238.95,231.3799,1.985,0.0087,96081750
2017-03-16,239.11,239.2,238.1,238.48,230.9248,-0.455,-0.002,78343951
2017-03-17,237.75,237.97,237.03,237.03,230.5193,-0.405,-0.0018,89002111
2017-03-20,237.03,237.36,236.32,236.77,230.2665,-0.253,-0.0011,52536979
2017-03-21,237.47,237.61,233.58,233.73,227.31,-2.957,-0.0128,131809275
2017-03-22,233.77,234.61,233.05,234.28,227.8449,0.535,0.0024,97569204
2017-03-23,234,235.34,233.6,234.03,227.6017,-0.243,-0.0011,100410277
2017-03-24,234.38,235.04,232.96,233.86,227.4364,-0.165,-7.000000000000001e-4,112504853
2017-03-27,231.93,233.92,231.61,233.62,227.203,-0.233,-0.001,87454452
2017-03-28,233.27,235.81,233.14,235.32,228.8563,1.653,0.0073,93483915
2017-03-29,234.99,235.81,234.725,235.54,229.0703,0.214,9e-4,61950354
2017-03-30,235.47,236.52,235.27,236.29,229.7997,0.729,0.0032,56737890
2017-04-04,235,235.58,234.555,235.48,229.0119,0.146,6e-4,56466195
2017-04-05,236.26,237.39,234.54,234.78,228.3311,-0.681,-0.003,108800604
2017-04-06,234.94,236.04,234.425,235.44,228.973,0.642,0.0028000000000000004,69135757
2017-04-07,235.15,236,234.64,235.2,228.7396,-0.233,-0.001,74386480
2017-04-11,234.9,235.18,233.34,235.06,228.6035,-0.272,-0.0012,88045276
2017-04-12,234.74,234.96,233.77,234.03,227.6017,-1.002,-0.0044,81864436
2017-04-13,233.64,234.49,232.51,232.51,226.1235,-1.478,-0.006500000000000001,92880394
2017-04-17,233.11,234.57,232.88,234.57,228.1269,2.003,0.0089,68405367
2017-04-18,233.72,234.49,233.08,233.87,227.4461,-0.681,-0.003,83225821
2017-04-19,234.52,234.95,233.18,233.44,227.028,-0.418,-0.0018,68699868
2017-04-20,234.15,235.845,233.78,235.34,228.8758,1.848,0.008100000000000001,92572186
2017-04-21,235.25,235.31,234.13,234.59,228.1464,-0.729,-0.0032,110389847
2017-04-24,237.18,237.41,234.5628,237.17,230.6555,2.509,0.011000000000000001,119209877
2017-04-25,237.91,238.95,237.81,238.55,231.9976,1.342,0.0058,76698265
2017-04-26,238.51,239.53,238.35,238.4,231.8517,-0.146,-6e-4,84702455
2017-05-01,238.68,239.17,238.195,238.68,232.124,0.584,0.0025,66882521
2017-05-02,238.84,238.98,238.3,238.77,232.2116,0.088,4e-4,57375732
2017-05-03,238.29,238.8775,237.7,238.48,231.9295,-0.282,-0.0012,73137731
2017-05-04,238.83,238.9225,237.78,238.76,232.2018,0.272,0.0012,61443570
2017-05-05,239.19,239.72,238.68,239.7,233.116,0.914,0.0039000000000000003,62001269
2017-05-08,239.75,239.92,239.17,239.66,233.0771,-0.039,-2e-4,48385730
2017-05-09,239.96,240.19,239.04,239.44,232.8631,-0.214,-9e-4,51363200
2017-05-10,239.39,239.87,239.15,239.87,233.2813,0.418,0.0018,54293799
2017-05-11,239.35,239.57,238.13,239.38,232.8048,-0.477,-0.002,62358346
2017-05-12,239.09,239.4273,238.67,238.98,232.4158,-0.389,-0.0017000000000000001,53912730
2017-05-15,239.47,240.44,239.45,240.3,233.6995,1.284,0.0055000000000000005,61918937
2017-05-16,240.64,240.67,239.63,240.08,233.4856,-0.214,-9e-4,51241791
2017-05-17,238.1,238.64,235.75,235.82,229.3426,-4.143,-0.0177,172174107
2017-05-18,235.73,237.75,235.43,236.77,230.2665,0.924,0.004,107047656
2017-05-19,237.33,239.08,237.27,238.31,231.7642,1.498,0.006500000000000001,115011373
2017-05-22,238.9,239.71,238.82,239.52,232.941,1.177,0.0051,61010602
2017-05-23,239.95,240.24,239.51,240.05,233.4564,0.515,0.0022,48341683
2017-05-24,240.32,240.73,239.93,240.61,234.001,0.545,0.0023,49181099
2017-05-25,241.2,242.08,240.96,241.76,235.1194,1.118,0.0048,64071661
2017-05-26,241.54,241.9,241.45,241.71,235.0708,-0.049,-2e-4,46629905
2017-05-30,241.34,241.79,241.16,241.5,234.8666,-0.204,-9e-4,35201897
2017-05-31,241.84,241.88,240.64,241.44,234.8082,-0.058,-2e-4,91796016
2017-06-01,241.97,243.38,241.64,243.36,236.6755,1.867,0.008,68962024
2017-06-02,243.42,244.35,243.08,244.17,237.4632,0.788,0.0033,88666128
2017-06-05,243.97,244.3,243.76,243.99,237.2882,-0.175,-7.000000000000001e-4,44698825
2017-06-06,243.34,243.98,243.12,243.21,236.5296,-0.759,-0.0032,50375430
2017-06-07,243.6,243.92,242.83,243.66,236.9672,0.438,0.0019,54144311
2017-06-08,243.77,244.33,243.17,243.78,237.0839,0.117,5e-4,65950691
2017-06-09,244.09,245.01,241.95,243.41,236.7241,-0.36,-0.0015,132256362
2017-06-12,243.13,243.42,242.38,243.36,236.6755,-0.049,-2e-4,86108102
2017-06-13,243.98,244.61,243.5799,244.55,237.8328,1.157,0.0049,60066953
2017-06-14,244.86,244.87,243.29,244.24,237.5313,-0.301,-0.0013,78602311
2017-06-15,242.68,243.91,242.36,243.77,237.0742,-0.457,-0.0019,66464888
2017-06-16,242.77,242.83,241.6337,242.64,237.126,0.052,2e-4,84553097
2017-06-19,243.59,244.73,243.48,244.66,239.1001,1.974,0.0083,65123802
2017-06-20,244.25,244.26,242.99,243.01,237.4876,-1.613,-0.0067,56906368
2017-06-21,243.42,243.59,242.41,242.95,237.429,-0.059,-2e-4,55977569
2017-06-22,242.96,243.53,242.64,242.84,237.3215,-0.108,-5e-4,44148059
2017-06-23,242.91,243.51,242.47,243.13,237.6049,0.283,0.0012,66986801
2017-06-26,243.9,244.38,243.045,243.29,237.7613,0.156,7.000000000000001e-4,56700477
2017-06-27,243.04,243.38,241.31,241.33,235.8458,-1.915,-0.008100000000000001,82247666
2017-06-28,242.5,243.715,242.23,243.49,237.9567,2.111,0.009000000000000001,70042599
2017-06-29,243.66,243.72,239.955,241.35,235.8653,-2.091,-0.0088,106949719
2017-06-30,242.28,242.71,241.575,241.8,236.3051,0.44,0.0019,86820694
2017-07-05,242.63,243.01,241.7,242.77,237.2531,0.547,0.0023,54427596
2017-07-06,241.89,242.03,240.34,240.55,235.0835,-2.17,-0.0091,66115317
2017-07-07,241.21,242.28,240.5645,242.11,236.6081,1.525,0.006500000000000001,57972268
2017-07-10,241.95,242.8,241.76,242.37,236.8622,0.254,0.0011,36663274
2017-07-11,242.16,242.55,240.85,242.19,236.6863,-0.176,-7.000000000000001e-4,50354614
2017-07-12,243.3,244.2,243.3,244.01,238.4649,1.779,0.0075,59610405
2017-07-13,244.02,244.55,243.76,244.42,238.8656,0.401,0.0017000000000000001,39471637
2017-07-14,244.43,245.97,244.31,245.56,239.9797,1.114,0.004699999999999999,60262692
2017-07-17,245.47,245.91,245.33,245.53,239.9504,-0.029,-1e-4,33531917
2017-07-18,245.06,245.72,244.67,245.66,240.0774,0.127,5e-4,42742498
2017-07-19,246.02,247,246.01,246.99,241.3772,1.3,0.0054,51034260
2017-07-20,247.28,247.42,246.47,247.1,241.4847,0.108,4e-4,47135183
2017-07-21,246.44,246.91,246.18,246.88,241.2697,-0.215,-9e-4,88711019
2017-07-25,247.68,247.8,247.16,247.42,241.7974,0.586,0.0024,54915591
2017-07-27,247.96,248,245.68,247.2,241.5824,-0.225,-9e-4,70766568
2017-08-01,247.46,247.5,246.716,247.32,241.6997,0.537,0.0022,55050401
2017-08-02,247.47,247.6,246.37,247.44,241.8169,0.117,5e-4,47211216
2017-08-03,247.31,247.34,246.64,246.96,241.3479,-0.469,-0.0019,40855997
2017-08-07,247.49,247.87,247.37,247.87,242.2372,0.45,0.0019,31995021
2017-08-08,247.51,248.91,246.83,247.26,241.641,-0.596,-0.0025,61719353
2017-08-10,246.29,246.44,243.7,243.76,238.2206,-3.411,-0.0141,120479470
2017-08-11,244.02,244.8,243.75,244.12,238.5724,0.352,0.0015,74869947
2017-08-14,245.59,246.79,245.55,246.54,240.9374,2.365,0.009899999999999999,73291919
2017-08-16,247.11,247.57,246.45,246.94,241.3283,0.42,0.0017000000000000001,56715544
2017-08-17,246.24,246.6,243.09,243.09,237.5658,-3.763,-0.015600000000000001,128490396
2017-08-18,242.9,244.189,242.2,242.71,237.1944,-0.371,-0.0016,136747986
2017-08-21,242.64,243.2,241.83,242.9,237.3801,0.186,8e-4,65469736
2017-08-22,243.57,245.62,243.55,245.44,239.8624,2.482,0.0105,63140101
2017-08-23,244.33,245.05,244.16,244.56,239.0024,-0.86,-0.0036,50203837
2017-08-24,245,245.18,243.75,243.99,238.4453,-0.557,-0.0023,50741671
2017-08-25,244.9,245.61,244.39,244.56,239.0024,0.557,0.0023,64445912
2017-08-29,243.06,245.15,242.93,244.85,239.2858,0.274,0.0011,51135715
2017-08-30,244.83,246.32,244.62,246.01,240.4194,1.134,0.004699999999999999,62030805
2017-08-31,246.72,247.77,246.0473,247.49,241.8658,1.446,0.006,103803880
2017-09-01,247.92,248.33,247.67,247.84,242.2079,0.342,0.0014000000000000002,62006989
2017-09-05,247.26,247.52,244.95,246.06,240.4683,-1.74,-0.0072,91398777
2017-09-06,246.84,247.28,246.23,246.9,241.2892,0.821,0.0034000000000000002,57916867
2017-09-07,247.25,247.27,246.4,246.87,241.2599,-0.029,-1e-4,58034730
2017-09-08,246.54,247.11,246.3,246.58,240.9765,-0.283,-0.0012,63832825
2017-09-11,248.04,249.3,248.02,249.21,243.5467,2.57,0.010700000000000001,71364848
2017-09-13,249.72,250.21,249.59,250.17,244.4849,0.117,5e-4,59228002
2017-09-14,249.8,250.32,249.6,250.09,244.4067,-0.078,-3e-4,95446349
2017-09-15,248.69,249.29,248.57,249.19,244.7354,0.329,0.0013,95432382
2017-09-18,249.61,250.12,249.28,249.72,245.256,0.521,0.0021,46235238
2017-09-19,250,250.07,249.6,249.97,245.5015,0.246,0.001,47108148
2017-09-20,250.07,250.19,248.92,250.06,245.5899,0.088,4e-4,59574083
2017-09-21,249.88,249.98,249.185,249.39,244.9319,-0.658,-0.0027,48211398
2017-09-22,249.05,249.63,249.02,249.44,244.981,0.049,2e-4,51214032
2017-09-26,249.42,249.7,248.805,249.08,244.6274,0.147,6e-4,54081959
2017-09-27,249.88,250.49,248.87,250.05,245.5801,0.953,0.0039000000000000003,81001426
2017-09-28,249.73,250.44,249.63,250.35,245.8747,0.295,0.0012,44778841
2017-09-29,250.34,251.32,250.13,251.23,246.739,0.864,0.0034999999999999996,85578002
2017-10-02,251.49,252.32,251.2926,252.32,247.8095,1.071,0.0043,59022985
2017-10-03,252.46,252.89,252.23,252.86,248.3398,0.53,0.0021,66810169
2017-10-04,252.69,253.44,252.56,253.16,248.6345,0.295,0.0012,55953619
2017-10-05,253.54,254.68,253.196,254.66,250.1077,1.473,0.0059,63522757
2017-10-06,254.15,254.7008,253.85,254.37,249.8228,-0.285,-0.0011,80645998
2017-10-09,254.63,254.7,253.65,253.95,249.4103,-0.412,-0.0017000000000000001,35803138
2017-10-10,254.6,255.05,253.98,254.62,250.0684,0.658,0.0026,43057363
2017-10-11,254.51,255.02,254.32,255.02,250.4612,0.393,0.0016,47674325
2017-10-12,254.66,255.06,254.365,254.64,250.088,-0.373,-0.0015,47065144
2017-10-13,255.14,255.27,254.64,254.95,250.3925,0.304,0.0012,54800435
2017-10-18,255.9,255.95,255.5,255.72,251.1487,0.246,0.001,40888330
2017-10-19,254.83,255.83,254.35,255.79,251.2175,0.069,3e-4,61903788
2017-10-20,256.7,257.14,255.77440000000001,257.11,252.5139,1.296,0.0052,89176377
2017-10-23,257.48,257.51,256.02,256.11,251.5317,-0.982,-0.0039000000000000003,63915306
2017-10-24,256.6,256.83,256.15,256.56,251.9737,0.442,0.0018,66935910
2017-10-25,256.18,256.31,254,255.29,250.7264,-1.247,-0.005,103715291
2017-10-26,255.99,256.3,255.48,255.62,251.0505,0.324,0.0013,69797972
2017-10-27,256.47,257.89,255.6254,257.71,253.1031,2.053,0.008199999999999999,85562544
2017-10-30,257.07,257.6,256.41,256.75,252.1603,-0.943,-0.0037,54285687
2017-10-31,257.18,257.44,256.805,257.15,252.5531,0.393,0.0016,60304781
2017-11-01,258.04,258.43,257.07,257.49,252.8871,0.334,0.0013,54202736
2017-11-02,257.41,257.75,256.19,257.59,252.9853,0.098,4e-4,56449535
2017-11-03,257.77,258.5,257.3,258.45,253.8299,0.845,0.0033,59589730
2017-11-06,258.3,259,258.22,258.85,254.2228,0.393,0.0015,49652598
2017-11-07,258.97,259.35,258.09,258.67,254.046,-0.177,-7.000000000000001e-4,57502161
2017-11-08,258.47,259.22,258.15,259.11,254.4781,0.432,0.0017000000000000001,50469579
2017-11-09,257.73,258.39,256.36,258.17,253.5549,-0.923,-0.0036,93981044
2017-11-10,257.73,258.2926,257.37,258.09,253.4763,-0.079,-3e-4,59984662
2017-11-13,257.31,258.59,257.27,258.33,253.712,0.236,9e-4,50228648
2017-11-14,257.41,257.85,256.52,257.73,253.1228,-0.589,-0.0023,61315152
2017-11-15,256.62,257.22,255.63,256.44,251.8558,-1.267,-0.005,80811525
2017-11-16,257.52,259.04,257.4748,258.62,253.9969,2.141,0.0085,67777027
2017-11-20,258.14,258.525,257.86,258.3,253.6826,0.432,0.0017000000000000001,48075514
2017-11-21,259.18,260.2,258.2627,259.99,255.3424,1.66,0.006500000000000001,69176799
2017-11-22,260,260.15,259.57,259.76,255.1165,-0.226,-9e-4,45033392
2017-11-24,260.32,260.48,260.16,260.36,255.7058,0.589,0.0023,27856514
2017-11-27,260.41,260.75,260,260.23,255.5781,-0.128,-5e-4,52274922
2017-11-28,260.76,262.9,260.655,262.87,258.1709,2.593,0.0101,98971719
2017-11-29,263.02,263.63,262.2,262.71,258.0138,-0.157,-6e-4,77512102
2017-11-30,263.76,266.05,263.67,265.01,260.2726,2.259,0.0088,127894389
2017-12-01,264.76,265.31,260.76,264.46,259.7325,-0.54,-0.0021,164390902
2017-12-04,266.31,266.8,264.08,264.14,259.4182,-0.314,-0.0012,94040560
2017-12-05,264.43,265.15,263.04,263.19,258.4852,-0.933,-0.0036,77994544
2017-12-06,262.87,263.73,262.71,263.24,258.5343,0.049,2e-4,75898566
2017-12-07,263.09,264.43,262.94,264.07,259.3494,0.815,0.0032,77218569
2017-12-08,264.99,265.52,264.0315,265.51,260.7637,1.414,0.0055000000000000005,76563873
2017-12-11,265.58,266.38,265.4793,266.31,261.5494,0.786,0.003,83077533
2017-12-12,266.57,267.32,266.345,266.78,262.011,0.462,0.0018,85195750
2017-12-13,267.06,267.56,266.65,266.75,261.9815,-0.029,-1e-4,102905409
2017-12-14,267.08,267.22,265.6,265.66,260.911,-1.071,-0.0040999999999999995,100666692
2017-12-15,265.5,267.04,265.39,266.51,263.0704,2.159,0.0083,144610290
2017-12-18,268.06,268.6,267.98,268.2,264.7386,1.668,0.0063,83653572
2017-12-19,268.485,268.53,267.09,267.17,263.7219,-1.017,-0.0038,82382876
2017-12-20,268.26,268.33,266.69,267.03,263.5837,-0.138,-5e-4,76751500
2017-12-21,267.67,268.385,267.3,267.58,264.1266,0.543,0.0021,67032339
2017-12-22,267.61,267.635,266.9,267.51,264.0575,-0.069,-3e-4,78720873
2017-12-26,267.05,267.4377,266.885,267.19,263.7416,-0.316,-0.0012,45244433
2017-12-27,267.38,267.73,267.01,267.32,263.8699,0.128,5e-4,57750986
2017-12-28,267.89,267.92,267.45,267.87,264.4128,0.543,0.0021,45116139
2017-12-29,268.53,268.55,266.64,266.86,263.4159,-0.997,-0.0038,96007424
2018-01-03,268.96,270.64,268.96,270.47,266.9793,1.678,0.0063,90070416
2018-01-04,271.2,272.16,270.5447,271.61,268.1046,1.125,0.0042,80636408
2018-01-05,272.51,273.56,271.95,273.42,269.8912,1.787,0.0067,83523995
2018-01-08,273.31,274.1,272.98,273.92,270.3847,0.494,0.0018,57319192
2018-01-09,274.4,275.25,274.081,274.54,270.9967,0.612,0.0023,57253957
2018-01-10,273.68,274.42,272.92,274.12,270.5822,-0.415,-0.0015,69574318
2018-01-11,274.75,276.12,274.56,276.12,272.5564,1.974,0.0073,62361455
2018-01-12,276.42,278.11,276.0819,277.92,274.3331,1.777,0.006500000000000001,90816076
2018-01-16,279.35,280.09,276.18,276.97,273.3954,-0.938,-0.0034000000000000002,106555142
2018-01-17,278.03,280.05,276.97,279.61,276.0013,2.606,0.0095,113258799
2018-01-18,279.48,279.96,278.58,279.14,275.5374,-0.464,-0.0017000000000000001,100728006
2018-01-19,279.8,280.41,279.14,280.41,276.791,1.254,0.0045000000000000005,140920098
2018-01-22,280.17,282.69,280.11,282.69,279.0416,2.251,0.008100000000000001,91322408
2018-01-23,282.74,283.62,282.37,283.29,279.6338,0.592,0.0021,97084700
2018-01-24,284.02,284.7,281.84,283.18,279.5252,-0.109,-4e-4,134816117
2018-01-25,284.16,284.27,282.405,283.3,279.6437,0.118,4e-4,84587313
2018-01-26,284.25,286.6285,283.96,286.58,282.8814,3.238,0.0116,107743119
2018-01-29,285.93,286.43,284.5,284.68,281.0059,-1.875,-0.0066,90118337
2018-01-30,282.6,284.736,281.22,281.76,278.1236,-2.882,-0.0103,131796419
2018-01-31,282.73,283.3,280.68,281.9,278.2618,0.138,5e-4,118948131
2018-02-01,281.07,283.06,280.68,281.58,277.9459,-0.316,-0.0011,90102470
2018-02-02,280.08,280.23,275.41,275.45,271.895,-6.051,-0.0218,173174790
2018-02-05,273.45,275.85,263.31,263.93,260.5237,-11.371,-0.0418,294681816
2018-02-06,259.94,269.7,258.7,269.13,265.6566,5.133,0.0197,355026782
2018-02-07,268.5,272.36,267.58,267.67,264.2154,-1.441,-0.0054,167376100
2018-02-08,268.01,268.17,257.59,257.63,254.305,-9.91,-0.0375,246449505
2018-02-09,260.8,263.61,252.92,261.5,258.125,3.82,0.015,283565315
2018-02-12,263.83,267.01,261.6644,265.34,261.9155,3.79,0.0147,143735976
2018-02-13,263.97,266.62,263.31,266,262.567,0.651,0.0025,81223640
2018-02-14,264.31,270,264.3,269.59,266.1106,3.544,0.013500000000000002,120735685
2018-02-15,271.57,273.04,268.77,273.03,269.5062,3.396,0.0128,111200286
2018-02-16,272.32,275.32,272.27,273.11,269.5852,0.079,3e-4,160420135
2018-02-20,272.03,273.67,270.5,271.4,267.8973,-1.688,-0.0063,86369662
2018-02-21,271.9,274.72,269.94,270.05,266.5647,-1.333,-0.005,98883740
2018-02-22,271.1,273.05,269.64,270.4,266.9102,0.345,0.0013,110511290
2018-02-23,271.79,274.71,271.25,274.71,271.1646,4.254,0.0159,92766428
2018-02-26,275.93,278.01,275.26,277.9,274.3134,3.149,0.0116,86491406
2018-02-27,278.11,278.92,274.36,274.43,270.8882,-3.425,-0.0125,99099165
2018-02-28,275.68,276.19,271.29,271.65,268.144,-2.744,-0.0101,121907767
2018-03-01,271.41,273.17,266,267.7,264.245,-3.899,-0.014499999999999999,176855077
2018-03-02,265.8,269.72,264.82,269.08,265.6072,1.362,0.0052,139083217
2018-03-05,267.73,272.89,267.61,272.19,268.6771,3.07,0.0116,97307387
2018-03-06,273.3,273.39,271.18,272.88,269.3582,0.681,0.0025,79213163
2018-03-07,270.42,273.18,270.2,272.78,269.2595,-0.099,-4e-4,87063502
2018-03-08,273.55,274.24,272.42,274.1,270.5624,1.303,0.0048,66901150
2018-03-09,275.7,278.87,275.34,278.87,275.2709,4.708,0.0174,113625335
2018-03-12,279.2,279.91,278.0801,278.52,274.9254,-0.345,-0.0013,71924793
2018-03-13,279.84,280.41,276.03,276.72,273.1486,-1.777,-0.006500000000000001,91968937
2018-03-14,277.81,278.02,274.67,275.3,271.7469,-1.402,-0.0051,105895079
2018-03-15,275.88,276.61,274.43,275,271.4508,-0.296,-0.0011,83433038
2018-03-16,274.5,275.39,274.14,274.2,271.7448,0.294,0.0011,100343673
2018-03-19,273.35,274.3957,268.62,270.49,268.0681,-3.677,-0.013500000000000002,109208442
2018-03-20,270.94,271.67,270.18,270.95,268.5239,0.456,0.0017000000000000001,59757271
2018-03-21,270.9,273.27,270.19,270.43,268.0086,-0.515,-0.0019,78709578
2018-03-22,267.91,268.87,263.36,263.67,261.3091,-6.699,-0.025,148785916
2018-03-23,264.17,265.02,257.83,258.05,255.7395,-5.57,-0.0213,183534751
2018-03-26,262.13,265.43,259.41,265.11,262.7362,6.997,0.0274,141956102
2018-03-27,266.17,266.77,258.84,260.6,258.2666,-4.47,-0.017,129941445
2018-03-28,260.75,262.64,258.58,259.83,257.5035,-0.763,-0.003,146452306
2018-03-29,261.12,265.26,259.8389,263.15,260.7938,3.29,0.0128,124244790
2018-04-02,262.55,263.13,254.67,257.47,255.1646,-5.629,-0.0216,186286343
2018-04-03,258.87,261.31,256.84,260.77,258.4351,3.27,0.0128,119956861
2018-04-04,256.75,264.355,256.6,263.56,261.2001,2.765,0.010700000000000001,123715339
2018-04-05,265.55,266.64,264.32,265.64,263.2615,2.061,0.0079,82652618
2018-04-06,263.42,265.11,258,259.72,257.3945,-5.867,-0.0223,179521209
2018-04-09,261.37,264.84,259.9356,261,258.663,1.269,0.0049,105442932
2018-04-10,264.27,266.04,262.98,265.15,262.7759,4.113,0.0159,105573736
2018-04-11,263.47,265.64,263.39,263.76,261.3983,-1.378,-0.0052,91140243
2018-04-12,265.26,267,265.06,265.93,263.5489,2.151,0.008199999999999999,68890480
2018-04-13,267.41,267.54,264.01,265.15,262.7759,-0.773,-0.0029,85079176
2018-04-16,267,268.2,266.07,267.33,264.9364,2.16,0.008199999999999999,63405287
2018-04-17,269.33,270.87,268.75,270.19,267.7708,2.834,0.010700000000000001,64682036
2018-04-18,270.69,271.3,269.87,270.39,267.969,0.198,7.000000000000001e-4,57303857
2018-04-19,269.65,269.88,267.72,268.89,266.4824,-1.487,-0.0055000000000000005,77655909
2018-04-20,268.81,269.06,265.61,266.61,264.2228,-2.26,-0.0085,99953133
2018-04-23,267.26,267.89,265.35,266.57,264.1832,-0.04,-2e-4,65557954
2018-04-24,267.73,267.9762,261.28,262.98,260.6253,-3.558,-0.013500000000000002,112885452
2018-04-26,264.79,267.2452,264.29,266.31,263.9255,2.656,0.0102,67731942
2018-04-27,267,267.34,265.5,266.56,264.1733,0.248,9e-4,57053647
2018-04-30,267.26,267.89,264.43,264.51,262.1416,-2.032,-0.0077,82182324
2018-05-01,263.87,265.1,262.11,264.98,262.6074,0.466,0.0018,74203365
2018-05-02,264.76,265.68,262.76,263.2,260.8433,-1.764,-0.0067,86368943
2018-05-03,262.26,263.36,259.05,262.62,260.2685,-0.575,-0.0022,136311479
2018-05-04,261.52,266.7892,261.15,266.02,263.6381,3.37,0.0129,91222075
2018-05-07,266.89,268.02,266.11,266.92,264.53,0.892,0.0034000000000000002,55304907
2018-05-09,267.68,269.865,267.09,269.5,267.0869,2.557,0.0097,59666143
2018-05-10,270.34,272.39,270.22,272.02,269.5844,2.497,0.009399999999999999,72063931
2018-05-11,272.16,273.15,271.58,272.85,270.4069,0.823,0.0031,59871511
2018-05-14,273.34,274.08,272.36,272.98,270.5358,0.129,5e-4,54790606
2018-05-15,271.59,271.61,270.03,271.1,268.6726,-1.863,-0.0069,87036136
2018-05-16,271.14,272.76,271.11,272.24,269.8024,1.13,0.0042,53942631
2018-05-18,271.62,272.03,270.93,271.33,268.9005,-0.674,-0.0025,64367959
2018-05-21,273.01,273.98,271.3512,273.37,270.9223,2.022,0.0075,58025875
2018-05-22,273.96,274.25,272.24,272.61,270.1691,-0.753,-0.0028000000000000004,52966358
2018-05-23,271.17,273.39,270.99,273.36,270.9124,0.743,0.0028000000000000004,64694184
2018-05-24,272.91,273.22,270.78,272.8,270.3574,-0.555,-0.002,76043827
2018-05-25,272.15,272.86,271.58,272.15,269.7132,-0.644,-0.0024,56374755
2018-05-29,270.31,271.17,267.76,269.02,266.6112,-3.102,-0.0115,115908607
2018-05-30,270.5,273.11,270.42,272.61,270.1691,3.558,0.013300000000000001,69678449
2018-05-31,272.15,272.49,270.255,270.94,268.514,-1.655,-0.0060999999999999995,93519941
2018-06-01,272.41,273.94,272.33,273.6,271.1502,2.636,0.0098,71258411
2018-06-04,274.53,275.185,274.26,274.9,272.4386,1.288,0.0048,45385166
2018-06-05,275.05,275.53,274.18,275.1,272.6368,0.198,7.000000000000001e-4,51135038
2018-06-06,275.79,277.52,275.09,277.4,274.9162,2.279,0.0084,62732215
2018-06-07,277.95,278.28,276.34,277.37,274.8865,-0.03,-1e-4,72969402
2018-06-08,276.85,278.25,276.66,278.19,275.6991,0.813,0.003,72139719
2018-06-11,278.44,279.37,278.31,278.56,276.0658,0.367,0.0013,58892515
2018-06-12,279.03,279.33,278.19,278.92,276.4226,0.357,0.0013,72329028
2018-06-13,279.19,279.48,277.8,278.03,275.5406,-0.882,-0.0032,79070610
2018-06-14,279.01,279.33,278.0599,278.73,276.2343,0.694,0.0025,77097620
2018-06-15,276.6,277.51,275.35,277.13,275.8815,-0.353,-0.0013,120041562
2018-06-18,275.49,276.7,274.95,276.56,275.3141,-0.567,-0.0021,52917581
2018-06-19,274,275.75,273.53,275.5,274.2589,-1.055,-0.0038,97531510
2018-06-20,276.27,276.72,275.59,275.97,274.7268,0.468,0.0017000000000000001,53785486
2018-06-21,275.96,275.98,273.68,274.24,273.0045,-1.722,-0.0063,71061404
2018-06-22,275.66,275.785,274.49,274.74,273.5023,0.498,0.0018,56612003
2018-06-25,273.44,273.6162,269.1,271,269.7791,-3.723,-0.013600000000000001,137854162
2018-06-26,271.64,272.56,270.79,271.6,270.3764,0.597,0.0022,68683211
2018-06-27,272.26,273.865,269.18,269.35,268.1366,-2.24,-0.0083,104960655
2018-06-28,269.29,271.75,268.49,270.89,269.6696,1.533,0.005699999999999999,76650517
2018-06-29,272.12,273.66,271.1495,271.28,270.0579,0.388,0.0014000000000000002,97592499
2018-07-02,269.51,272.04,269.24,271.86,270.6353,0.577,0.0021,63554774
2018-07-03,272.87,272.98,270.42,270.9,269.6796,-0.956,-0.0034999999999999996,42187071
2018-07-05,272.17,273.18,270.96,273.11,271.8796,2.2,0.008199999999999999,56925919
2018-07-06,273.14,275.84,272.715,275.42,274.1792,2.3,0.0085,66493696
2018-07-09,276.55,277.96,276.5,277.9,276.6481,2.469,0.009000000000000001,50550399
2018-07-10,278.41,279.01,278.08,278.9,277.6436,0.995,0.0036,51966829
2018-07-11,277.15,278.04,276.52,276.86,275.6127,-2.031,-0.0073,77054739
2018-07-12,278.28,279.43,277.6,279.37,278.1114,2.499,0.0091,60124687
2018-07-16,279.64,279.803,278.84,279.34,278.0816,-0.249,-9e-4,48201038
2018-07-17,278.47,280.91,278.41,280.47,279.2065,1.125,0.004,52315500
2018-07-19,280.31,280.74,279.46,280,278.7386,-1.055,-0.0038,61412117
2018-07-20,279.77,280.48,279.5,279.68,278.42,-0.319,-0.0011,82372729
2018-07-23,279.45,280.43,279.06,280.2,278.9377,0.518,0.0019,47047565
2018-07-24,281.79,282.56,280.63,281.61,280.3413,1.404,0.005,68026935
2018-07-25,281.33,284.37,281.28,284.01,282.7305,2.389,0.0085,78882927
2018-07-26,283.2,284.11,283.09,283.34,282.0636,-0.667,-0.0024,57919495
2018-07-27,283.71,283.82,280.38,281.42,280.1522,-1.911,-0.0068000000000000005,76783177
2018-07-30,281.51,281.69,279.36,279.95,278.6888,-1.463,-0.0052,63742508
2018-07-31,280.81,282.02,280.38,281.33,280.0626,1.374,0.0049,68570493
2018-08-01,281.56,282.13,280.1315,280.86,279.5947,-0.468,-0.0017000000000000001,53853326
2018-08-02,279.39,282.58,279.16,282.39,281.1178,1.523,0.0054,63426363
2018-08-03,282.53,283.6577,282.33,283.6,282.3224,1.205,0.0043,53935386
2018-08-06,283.64,284.99,283.2015,284.64,283.3577,1.035,0.0037,39400887
2018-08-07,285.39,286.01,285.24,285.58,284.2935,0.936,0.0033,43196646
2018-08-09,285.53,285.97,284.915,285.07,283.7858,-0.388,-0.0014000000000000002,35716976
2018-08-10,283.45,284.055,282.36,283.16,281.8844,-1.901,-0.0067,77076044
2018-08-13,283.47,284.16,281.77,282.1,280.8291,-1.055,-0.0037,65732909
2018-08-14,282.92,284.17,282.4833,283.9,282.621,1.792,0.0064,43842031
2018-08-15,282.38,282.54,280.16,281.78,280.5106,-2.11,-0.0075,102925355
2018-08-16,283.4,285.04,283.36,284.06,282.7803,2.27,0.008100000000000001,69967919
2018-08-17,283.83,285.5601,283.37,285.06,283.7758,0.995,0.0034999999999999996,65618481
2018-08-20,285.57,285.97,285.06,285.67,284.3831,0.607,0.0021,39807490
2018-08-21,286.25,287.31,285.7135,286.34,285.05,0.667,0.0023,67271983
2018-08-23,285.97,286.94,285.43,285.79,284.5025,-0.378,-0.0013,49204851
2018-08-24,286.44,287.67,286.38,287.51,286.2148,1.712,0.006,57487399
2018-08-27,288.86,289.9,288.68,289.78,288.4745,2.26,0.0079,57072377
2018-08-29,290.16,291.74,289.8854,291.48,290.1669,1.553,0.0054,61485514
2018-08-30,290.94,291.36,289.63,290.3,288.9922,-1.175,-0.004,61229501
2018-09-04,289.84,290.21,288.68,289.81,288.5044,-0.498,-0.0017000000000000001,57594367
2018-09-06,289.15,289.49,287,288.16,286.8618,-0.866,-0.003,65909863
2018-09-07,286.98,288.7,286.71,287.6,286.3044,-0.557,-0.0019,73524824
2018-09-10,288.74,289.04,287.88,288.1,286.8021,0.498,0.0017000000000000001,50191113
2018-09-11,287.37,289.55,286.975,289.05,287.7478,0.946,0.0033,50530492
2018-09-12,289.06,289.8,288.23,289.12,287.8175,0.07,2e-4,59810758
2018-09-13,290.32,291.0384,289.995,290.83,289.5198,1.702,0.0059,51034222
2018-09-14,291.06,291.27,290,290.88,289.5696,0.05,2e-4,55079875
2018-09-17,290.82,290.86,289.03,289.34,288.0365,-1.533,-0.0053,68244043
2018-09-18,289.58,291.58,289.55,290.91,289.5994,1.563,0.0054,61930407
2018-09-19,290.97,291.69,290.825,291.22,289.9081,0.309,0.0011,49080562
2018-09-20,292.64,293.94,291.23630000000003,293.58,292.2574,2.349,0.008100000000000001,100360646
2018-09-21,293.09,293.22,291.81,291.99,291.99,-0.267,-9e-4,105479656
2018-09-24,291.34,291.5,290.37,291.02,291.02,-0.97,-0.0033,53409645
2018-09-25,291.53,291.65,290.4833,290.75,290.75,-0.27,-9e-4,44370037
2018-09-26,290.91,292.24,289.41,289.88,289.88,-0.87,-0.003,79739674
2018-09-27,290.41,291.91,290.1,290.69,290.69,0.81,0.0028000000000000004,59249455
2018-09-28,289.99,291.28,289.95,290.72,290.72,0.03,1e-4,70091385
2018-10-01,292.11,292.93,290.98,291.73,291.73,1.01,0.0034999999999999996,62078937
2018-10-02,291.56,292.355,291.14,291.56,291.56,-0.17,-6e-4,47258227
2018-10-03,292.74,293.21,291.32,291.72,291.72,0.16,5e-4,64694594
2018-10-04,291.18,291.24,287.66,289.44,289.44,-2.28,-0.0078000000000000005,111545910
2018-10-09,287.39,288.86,286.77,287.4,287.4,-0.42,-0.0015,74338982
2018-10-10,286.83,286.91,277.88,278.3,278.3,-9.1,-0.0317,214731042
2018-10-11,277.08,278.9,270.36,272.17,272.17,-6.13,-0.022000000000000002,274840491
2018-10-12,276.77,277.09,272.37,275.95,275.95,3.78,0.0139,183186492
2018-10-15,275.55,277.04,274.3,274.4,274.4,-1.55,-0.005600000000000001,102263717
2018-10-16,276.6,280.82,276.07,280.4,280.4,6,0.0219,118255834
